{"@type":"DocumentEntityInfo","neoId":54787,"@id":54787,"typeName":"Padrao","userSecurityController":null,"title":"Padrão","auditable":false,"parent":{"@type":"AutoEntityInfo","neoId":133,"typeName":"NeoDocument"},"fieldSet":[{"@type":"FieldInfoText","neoId":54788,"@id":54788,"name":"code","columnName":null,"title":"Código","description":"Campo de formulário padrão para informar o código do documento","entityTitle":false,"editable":true,"editableOnCreation":false,"uniqueValue":false,"mandatory":true,"viewable":true,"gridViewableFlag":0,"showOrder":1,"filterable":true,"quickPart":false,"indexable":true,"mask":null,"fieldViewRules":null,"adapterConverter":null,"fieldSortable":null,"fieldMask":null,"fieldViewRuleList":[],"style":null,"formula":null,"auditable":false,"textArea":false,"richText":false,"password":false,"i18nable":false,"defaultValue":"[NEO_ACRONYM].[NEO_SEQUENCE]","defaultValueTextArea":null,"defaultValueRichText":null,"generateValue":null,"passwordDecodable":true,"showRemainingCharacters":false,"maxLength":255,"encrypted":false,"allowedUsers":[],"customMask":null,"columnLength":255,"typeMask":0,"gridViewable":true,"neoType":"Fentity.FieldInfoText"},{"@type":"FieldInfoText","neoId":54789,"@id":54789,"name":"title","columnName":null,"title":"Título","description":"Campo de formulário padrão para informar o título do documento","entityTitle":true,"editable":true,"editableOnCreation":false,"uniqueValue":false,"mandatory":true,"viewable":true,"gridViewableFlag":0,"showOrder":2,"filterable":true,"quickPart":false,"indexable":true,"mask":null,"fieldViewRules":null,"adapterConverter":null,"fieldSortable":null,"fieldMask":null,"fieldViewRuleList":[],"style":null,"formula":null,"auditable":false,"textArea":false,"richText":false,"password":false,"i18nable":false,"defaultValue":"","defaultValueTextArea":null,"defaultValueRichText":null,"generateValue":null,"passwordDecodable":true,"showRemainingCharacters":false,"maxLength":255,"encrypted":false,"allowedUsers":[],"customMask":null,"columnLength":255,"typeMask":0,"gridViewable":true,"neoType":"Fentity.FieldInfoText"},{"@type":"FieldInfoFile","neoId":54790,"@id":54790,"name":"file","columnName":null,"title":"Arquivo","description":"Campo de formulário padrão para adicionar o arquivo ao documento","entityTitle":false,"editable":true,"editableOnCreation":false,"uniqueValue":false,"mandatory":false,"viewable":true,"gridViewableFlag":0,"showOrder":3,"filterable":false,"quickPart":false,"indexable":true,"mask":null,"fieldViewRules":null,"adapterConverter":null,"fieldSortable":null,"fieldMask":null,"fieldViewRuleList":[],"style":null,"formula":null,"auditable":false,"template":null,"canPrint":true,"canCopy":true,"canScan":true,"canUpload":true,"canDownload":true,"hasTemplate":true,"signatureMandatory":false,"signatureType":0,"showInViewer":true,"maxFileSize":2097152,"gridViewable":true,"neoType":"Fentity.FieldInfoFile"}],"manualInsert":true,"customAdapter":null,"customLayout":false,"formLayout":null,"tabs":[{"@type":"Tab","neoId":54791,"@id":54791,"showOrder":0,"name":"Geral","tabViewRules":null,"tabViewRuleList":[],"defaultTab":true,"tabFieldCodes":[{"@type":"FieldRef","fieldName":"code","fieldInfoTitle":"code","neoId":54792,"entityName":"","displayName":"code"},{"@type":"FieldRef","fieldName":"title","fieldInfoTitle":"title","neoId":54793,"entityName":"","displayName":"title"},{"@type":"FieldRef","fieldName":"file","fieldInfoTitle":"file","neoId":54794,"entityName":"","displayName":"file"}],"neoType":"Fentity.tab.Tab"}],"typeSecurityController":null,"accessList":[],"creationDate":1721298027000,"category":null,"description":null,"titleTranslation":null,"auditType":0,"systemForm":false,"editOptions":null,"nversioned":false,"keepCurrentVersion":false,"revisionLevel":null,"sendCurrentVersionForApproval":false,"approval":false,"approvalSettings":null,"approvalSettingsList":[],"viewerSettings":null,"notifyNew":false,"expires":false,"expirationSettings":null,"loadedFileFields":true,"fileFields":[{"@type":"FieldRef","fieldName":"file","fieldInfoTitle":"Arquivo","neoId":54786,"entityName":"Padrao","displayName":"file"}],"allowCopy":false,"defaultSystem":false,"copyCycle":true,"useControlledCopySettingsFromSystem":true,"controlledCopySettings":null,"watermarkSettings":{"@type":"WatermarkSettings","id":1,"@id":1,"display":false,"textData":"[#user.fullName] - [#now]","orientationType":1,"textRepetition":false,"enableFusionBox":false,"color":"#808080","opacityLevel":40},"triggersProcess":[],"publicationType":0,"acronym":"P","subjects":[],"accessOldVersion":false,"hasRevisionLevel":false,"hasFormatType":false,"hasAtInitialLevel":false,"revisionInitialLevel":null,"electronicSignSettings":[],"abstract":false,"neoType":"Fentity.dynamic.DocumentEntityInfo"}