{"@type":"DynamicEntityInfo","neoId":54460,"@id":54460,"typeName":"FMTodosOsCampos","userSecurityController":null,"title":"[FM] Todos os campos","auditable":true,"parent":{"@type":"AutoEntityInfo","neoId":145,"typeName":"NeoObject"},"fieldSet":[{"@type":"FieldInfoText","neoId":54461,"@id":54461,"name":"Texto","columnName":null,"title":"Texto","description":null,"entityTitle":false,"editable":true,"editableOnCreation":false,"uniqueValue":false,"mandatory":false,"viewable":true,"gridViewableFlag":0,"showOrder":1,"filterable":false,"quickPart":false,"indexable":true,"mask":null,"fieldViewRules":null,"adapterConverter":null,"fieldSortable":null,"fieldMask":{"@type":"FieldInfoMaskText","neoId":613,"value":"default","code":"500"},"fieldViewRuleList":[],"style":null,"formula":null,"auditable":true,"textArea":false,"richText":false,"password":false,"i18nable":false,"defaultValue":"","defaultValueTextArea":"","defaultValueRichText":"","generateValue":null,"passwordDecodable":true,"showRemainingCharacters":false,"maxLength":null,"encrypted":false,"allowedUsers":[],"customMask":null,"columnLength":255,"typeMask":0,"gridViewable":true,"neoType":"Fentity.FieldInfoText"},{"@type":"FieldInfoFile","neoId":54462,"@id":54462,"name":"Arquivo","columnName":null,"title":"Arquivo","description":null,"entityTitle":false,"editable":true,"editableOnCreation":false,"uniqueValue":false,"mandatory":false,"viewable":true,"gridViewableFlag":0,"showOrder":2,"filterable":false,"quickPart":false,"indexable":false,"mask":null,"fieldViewRules":null,"adapterConverter":null,"fieldSortable":null,"fieldMask":null,"fieldViewRuleList":[],"style":null,"formula":null,"auditable":true,"template":null,"canPrint":true,"canCopy":true,"canScan":true,"canUpload":true,"canDownload":true,"hasTemplate":false,"signatureMandatory":false,"signatureType":0,"showInViewer":true,"maxFileSize":2097152,"gridViewable":true,"neoType":"Fentity.FieldInfoFile"},{"@type":"FieldInfoBoolean","neoId":54463,"@id":54463,"name":"Booleano","columnName":null,"title":"Booleano","description":null,"entityTitle":false,"editable":true,"editableOnCreation":false,"uniqueValue":false,"mandatory":false,"viewable":true,"gridViewableFlag":0,"showOrder":3,"filterable":false,"quickPart":false,"indexable":false,"mask":null,"fieldViewRules":null,"adapterConverter":null,"fieldSortable":null,"fieldMask":null,"fieldViewRuleList":[],"style":null,"formula":null,"auditable":true,"defaultValue":null,"selectionType":0,"gridViewable":true,"neoType":"Fentity.FieldInfoBoolean"},{"@type":"FieldInfoDate","neoId":54464,"@id":54464,"name":"Data","columnName":null,"title":"Data","description":null,"entityTitle":false,"editable":true,"editableOnCreation":false,"uniqueValue":false,"mandatory":false,"viewable":true,"gridViewableFlag":0,"showOrder":4,"filterable":false,"quickPart":false,"indexable":false,"mask":null,"fieldViewRules":null,"adapterConverter":null,"fieldSortable":null,"fieldMask":{"@type":"FieldInfoMaskDate","neoId":566,"value":"15/05/2018","code":"100"},"fieldViewRuleList":[],"style":null,"formula":null,"auditable":true,"currentDate":false,"defaultValue":null,"workDays":false,"gridViewable":true,"neoType":"Fentity.FieldInfoDate"},{"@type":"FieldInfoTime","neoId":54465,"@id":54465,"name":"Hrora","columnName":null,"title":"Hrora","description":null,"entityTitle":false,"editable":true,"editableOnCreation":false,"uniqueValue":false,"mandatory":false,"viewable":true,"gridViewableFlag":0,"showOrder":5,"filterable":false,"quickPart":false,"indexable":false,"mask":null,"fieldViewRules":null,"adapterConverter":null,"fieldSortable":null,"fieldMask":{"@type":"FieldInfoMaskTime","neoId":606,"value":"13:30","code":"700"},"fieldViewRuleList":[],"style":null,"formula":null,"auditable":true,"defaultValue":null,"currentTime":false,"typeMask":0,"gridViewable":true,"neoType":"Fentity.FieldInfoTime"},{"@type":"FieldInfoEnum","neoId":54466,"@id":54466,"name":"ListaDeOpcoes","columnName":null,"title":"Lista de Opções","description":null,"entityTitle":false,"editable":true,"editableOnCreation":false,"uniqueValue":false,"mandatory":false,"viewable":true,"gridViewableFlag":0,"showOrder":6,"filterable":false,"quickPart":false,"indexable":false,"mask":null,"fieldViewRules":null,"adapterConverter":null,"fieldSortable":null,"fieldMask":null,"fieldViewRuleList":[],"style":null,"formula":null,"auditable":true,"values":[{"@type":"EnumValue","neoId":54467,"@id":54467,"key":1,"showOrder":1,"value":"Um","neoType":"Fentity.EnumValue"},{"@type":"EnumValue","neoId":54468,"@id":54468,"key":2,"showOrder":2,"value":"Dois","neoType":"Fentity.EnumValue"},{"@type":"EnumValue","neoId":54469,"@id":54469,"key":3,"showOrder":3,"value":"Três","neoType":"Fentity.EnumValue"}],"exhibitionType":0,"defaultValue":null,"gridViewable":true,"neoType":"Fentity.FieldInfoEnum"},{"@type":"FieldInfoDecimal","neoId":54470,"@id":54470,"name":"Decimal","columnName":null,"title":"Decimal","description":null,"entityTitle":false,"editable":true,"editableOnCreation":false,"uniqueValue":false,"mandatory":false,"viewable":true,"gridViewableFlag":0,"showOrder":7,"filterable":false,"quickPart":false,"indexable":false,"mask":null,"fieldViewRules":null,"adapterConverter":null,"fieldSortable":null,"fieldMask":{"@type":"FieldInfoMaskDecimal","neoId":594,"value":"default","code":"200"},"fieldViewRuleList":[],"style":null,"formula":null,"auditable":true,"defaultValue":null,"maxLength":null,"scale":2,"numberWords":false,"encrypted":false,"allowedUsers":[],"typeMask":0,"showRemainingCharacters":false,"currencySymbolStyle":null,"currencySymbol":"","gridViewable":true,"neoType":"Fentity.FieldInfoDecimal"},{"@type":"FieldInfoInteger","neoId":54471,"@id":54471,"name":"Inteiro","columnName":null,"title":"Inteiro","description":null,"entityTitle":false,"editable":true,"editableOnCreation":false,"uniqueValue":false,"mandatory":false,"viewable":true,"gridViewableFlag":0,"showOrder":8,"filterable":false,"quickPart":false,"indexable":false,"mask":null,"fieldViewRules":null,"adapterConverter":null,"fieldSortable":null,"fieldMask":{"@type":"FieldInfoMaskInteger","neoId":581,"value":"default","code":"300"},"fieldViewRuleList":[],"style":null,"formula":null,"auditable":true,"defaultValue":null,"maxLength":null,"encrypted":false,"allowedUsers":[],"typeMask":0,"showThousandSeparator":false,"showRemainingCharacters":false,"customMask":null,"gridViewable":true,"neoType":"Fentity.FieldInfoInteger"},{"@type":"FieldInfoUser","neoId":54472,"@id":54472,"name":"Usuario","columnName":null,"title":"Usuário","description":null,"entityTitle":false,"editable":true,"editableOnCreation":false,"uniqueValue":false,"mandatory":false,"viewable":true,"gridViewableFlag":0,"showOrder":9,"filterable":false,"quickPart":false,"indexable":false,"mask":null,"fieldViewRules":null,"adapterConverter":null,"fieldSortable":null,"fieldMask":null,"fieldViewRuleList":[],"style":null,"formula":null,"auditable":true,"currentUser":false,"defaultValueId":null,"autoComplete":true,"viewableFull":false,"createRecords":true,"editRecords":true,"deleteRecords":true,"excelExport":true,"selectable":true,"typeInfo":{"@type":"AutoEntityInfo","neoId":240,"typeName":"NeoUser"},"gridViewable":true,"neoType":"Fentity.FieldInfoUser"}],"manualInsert":true,"customAdapter":"","customLayout":false,"formLayout":null,"tabs":[{"@type":"Tab","neoId":54473,"@id":54473,"showOrder":0,"name":"generalkey","tabViewRules":null,"tabViewRuleList":[],"defaultTab":true,"tabFieldCodes":[{"@type":"FieldRef","fieldName":"Texto","fieldInfoTitle":"Texto","neoId":54474,"entityName":null,"displayName":"Texto"},{"@type":"FieldRef","fieldName":"Arquivo","fieldInfoTitle":"Arquivo","neoId":54475,"entityName":null,"displayName":"Arquivo"},{"@type":"FieldRef","fieldName":"Booleano","fieldInfoTitle":"Booleano","neoId":54476,"entityName":null,"displayName":"Booleano"},{"@type":"FieldRef","fieldName":"Data","fieldInfoTitle":"Data","neoId":54477,"entityName":null,"displayName":"Data"},{"@type":"FieldRef","fieldName":"Hrora","fieldInfoTitle":"Hrora","neoId":54478,"entityName":null,"displayName":"Hrora"},{"@type":"FieldRef","fieldName":"ListaDeOpcoes","fieldInfoTitle":"ListaDeOpcoes","neoId":54479,"entityName":null,"displayName":"ListaDeOpcoes"},{"@type":"FieldRef","fieldName":"Decimal","fieldInfoTitle":"Decimal","neoId":54480,"entityName":null,"displayName":"Decimal"},{"@type":"FieldRef","fieldName":"Inteiro","fieldInfoTitle":"Inteiro","neoId":54481,"entityName":null,"displayName":"Inteiro"},{"@type":"FieldRef","fieldName":"Usuario","fieldInfoTitle":"Usuario","neoId":54482,"entityName":null,"displayName":"Usuario"}],"neoType":"Fentity.tab.Tab"}],"typeSecurityController":null,"accessList":[],"creationDate":1721228709000,"category":null,"description":"","titleTranslation":null,"auditType":1,"systemForm":false,"abstract":false,"neoType":"Fentity.dynamic.DynamicEntityInfo"}