{"@type":"DynamicEntityInfo","neoId":54445,"@id":54445,"typeName":"FMEforms","userSecurityController":null,"title":"[FM] Eforms","auditable":true,"parent":{"@type":"AutoEntityInfo","neoId":145,"typeName":"NeoObject"},"fieldSet":[{"@type":"FieldInfoEntity","neoId":54483,"@id":54483,"name":"LNSN","columnName":null,"title":"LNSN","description":null,"entityTitle":false,"editable":true,"editableOnCreation":false,"uniqueValue":false,"mandatory":false,"viewable":true,"gridViewableFlag":0,"showOrder":1,"filterable":false,"quickPart":false,"indexable":false,"mask":null,"fieldViewRules":null,"adapterConverter":null,"fieldSortable":null,"fieldMask":null,"fieldViewRuleList":[],"style":null,"formula":null,"auditable":true,"selectable":false,"mutable":true,"keepOrder":true,"allowedTypes":[],"array":false,"typeInfo":{"@type":"DynamicEntityInfo","neoId":54460,"typeName":"FMTodosOsCampos"},"filter":null,"defaultValue":null,"defaultListValues":null,"listType":null,"lookUpField":null,"fieldParent":false,"autoComplete":false,"runTimeTypeConverter":null,"fieldOrderBy":[],"mappedByField":null,"viewableFull":false,"hiddenFields":[],"createRecords":true,"editRecords":true,"deleteRecords":true,"excelExport":true,"filterViewRules":[],"filterViewRule":null,"gridViewable":true,"neoType":"Fentity.FieldInfoEntity"},{"@type":"FieldInfoEntity","neoId":54446,"@id":54446,"name":"NDLNSS","columnName":null,"title":"ND LNSS","description":null,"entityTitle":false,"editable":true,"editableOnCreation":false,"uniqueValue":false,"mandatory":false,"viewable":true,"gridViewableFlag":0,"showOrder":1,"filterable":false,"quickPart":false,"indexable":false,"mask":null,"fieldViewRules":null,"adapterConverter":null,"fieldSortable":null,"fieldMask":null,"fieldViewRuleList":[],"style":null,"formula":null,"auditable":true,"selectable":true,"mutable":true,"keepOrder":true,"allowedTypes":[],"array":false,"typeInfo":{"@type":"AutoEntityInfo","neoId":133,"typeName":"NeoDocument"},"filter":null,"defaultValue":null,"defaultListValues":null,"listType":null,"lookUpField":null,"fieldParent":false,"autoComplete":false,"runTimeTypeConverter":null,"fieldOrderBy":[],"mappedByField":null,"viewableFull":false,"hiddenFields":[],"createRecords":true,"editRecords":true,"deleteRecords":true,"excelExport":true,"filterViewRules":[],"filterViewRule":null,"gridViewable":true,"neoType":"Fentity.FieldInfoEntity"},{"@type":"FieldInfoEntity","neoId":54822,"@id":54822,"name":"TPLSSS","columnName":null,"title":"TP LSSS","description":null,"entityTitle":false,"editable":true,"editableOnCreation":false,"uniqueValue":false,"mandatory":false,"viewable":true,"gridViewableFlag":0,"showOrder":1,"filterable":false,"quickPart":false,"indexable":false,"mask":null,"fieldViewRules":null,"adapterConverter":null,"fieldSortable":null,"fieldMask":null,"fieldViewRuleList":[],"style":null,"formula":null,"auditable":true,"selectable":true,"mutable":true,"keepOrder":true,"allowedTypes":[],"array":true,"typeInfo":{"@type":"DocumentEntityInfo","neoId":54787,"typeName":"Padrao"},"filter":null,"defaultValue":null,"defaultListValues":null,"listType":0,"lookUpField":null,"fieldParent":false,"autoComplete":false,"runTimeTypeConverter":null,"fieldOrderBy":[],"mappedByField":null,"viewableFull":false,"hiddenFields":[],"createRecords":true,"editRecords":true,"deleteRecords":true,"excelExport":true,"filterViewRules":[],"filterViewRule":null,"gridViewable":true,"neoType":"Fentity.FieldInfoEntity"},{"@type":"FieldInfoEntity","neoId":54484,"@id":54484,"name":"LSSS","columnName":null,"title":"LSSS","description":null,"entityTitle":false,"editable":true,"editableOnCreation":false,"uniqueValue":false,"mandatory":false,"viewable":true,"gridViewableFlag":0,"showOrder":2,"filterable":false,"quickPart":false,"indexable":false,"mask":null,"fieldViewRules":null,"adapterConverter":null,"fieldSortable":null,"fieldMask":null,"fieldViewRuleList":[],"style":null,"formula":null,"auditable":true,"selectable":true,"mutable":true,"keepOrder":true,"allowedTypes":[],"array":true,"typeInfo":{"@type":"DynamicEntityInfo","neoId":54460,"typeName":"FMTodosOsCampos"},"filter":null,"defaultValue":null,"defaultListValues":null,"listType":0,"lookUpField":null,"fieldParent":false,"autoComplete":false,"runTimeTypeConverter":null,"fieldOrderBy":[],"mappedByField":null,"viewableFull":false,"hiddenFields":[],"createRecords":true,"editRecords":true,"deleteRecords":true,"excelExport":true,"filterViewRules":[],"filterViewRule":null,"gridViewable":true,"neoType":"Fentity.FieldInfoEntity"},{"@type":"FieldInfoEntity","neoId":54447,"@id":54447,"name":"NDLSSS","columnName":null,"title":"ND LSSS","description":null,"entityTitle":false,"editable":true,"editableOnCreation":false,"uniqueValue":false,"mandatory":false,"viewable":true,"gridViewableFlag":0,"showOrder":2,"filterable":false,"quickPart":false,"indexable":false,"mask":null,"fieldViewRules":null,"adapterConverter":null,"fieldSortable":null,"fieldMask":null,"fieldViewRuleList":[],"style":null,"formula":null,"auditable":true,"selectable":true,"mutable":true,"keepOrder":true,"allowedTypes":[],"array":true,"typeInfo":{"@type":"AutoEntityInfo","neoId":133,"typeName":"NeoDocument"},"filter":null,"defaultValue":null,"defaultListValues":null,"listType":0,"lookUpField":null,"fieldParent":false,"autoComplete":false,"runTimeTypeConverter":null,"fieldOrderBy":[],"mappedByField":null,"viewableFull":false,"hiddenFields":[],"createRecords":true,"editRecords":true,"deleteRecords":true,"excelExport":true,"filterViewRules":[],"filterViewRule":null,"gridViewable":true,"neoType":"Fentity.FieldInfoEntity"},{"@type":"FieldInfoEntity","neoId":54823,"@id":54823,"name":"TPLNSS","columnName":null,"title":"TP LNSS","description":null,"entityTitle":false,"editable":true,"editableOnCreation":false,"uniqueValue":false,"mandatory":false,"viewable":true,"gridViewableFlag":0,"showOrder":2,"filterable":false,"quickPart":false,"indexable":false,"mask":null,"fieldViewRules":null,"adapterConverter":null,"fieldSortable":null,"fieldMask":null,"fieldViewRuleList":[],"style":null,"formula":null,"auditable":true,"selectable":true,"mutable":true,"keepOrder":true,"allowedTypes":[],"array":false,"typeInfo":{"@type":"DocumentEntityInfo","neoId":54787,"typeName":"Padrao"},"filter":null,"defaultValue":null,"defaultListValues":null,"listType":null,"lookUpField":null,"fieldParent":false,"autoComplete":false,"runTimeTypeConverter":null,"fieldOrderBy":[],"mappedByField":null,"viewableFull":false,"hiddenFields":[],"createRecords":true,"editRecords":true,"deleteRecords":true,"excelExport":true,"filterViewRules":[],"filterViewRule":null,"gridViewable":true,"neoType":"Fentity.FieldInfoEntity"},{"@type":"FieldInfoEntity","neoId":54485,"@id":54485,"name":"LSSN","columnName":null,"title":"LSSN","description":null,"entityTitle":false,"editable":true,"editableOnCreation":false,"uniqueValue":false,"mandatory":false,"viewable":true,"gridViewableFlag":0,"showOrder":3,"filterable":false,"quickPart":false,"indexable":false,"mask":null,"fieldViewRules":null,"adapterConverter":null,"fieldSortable":null,"fieldMask":null,"fieldViewRuleList":[],"style":null,"formula":null,"auditable":true,"selectable":false,"mutable":true,"keepOrder":true,"allowedTypes":[],"array":true,"typeInfo":{"@type":"DynamicEntityInfo","neoId":54460,"typeName":"FMTodosOsCampos"},"filter":null,"defaultValue":null,"defaultListValues":null,"listType":0,"lookUpField":null,"fieldParent":false,"autoComplete":false,"runTimeTypeConverter":null,"fieldOrderBy":[],"mappedByField":null,"viewableFull":false,"hiddenFields":[],"createRecords":true,"editRecords":true,"deleteRecords":true,"excelExport":true,"filterViewRules":[],"filterViewRule":null,"gridViewable":true,"neoType":"Fentity.FieldInfoEntity"},{"@type":"FieldInfoEntity","neoId":54448,"@id":54448,"name":"NDLNSN","columnName":null,"title":"ND LNSN","description":null,"entityTitle":false,"editable":true,"editableOnCreation":false,"uniqueValue":false,"mandatory":false,"viewable":true,"gridViewableFlag":0,"showOrder":3,"filterable":false,"quickPart":false,"indexable":false,"mask":null,"fieldViewRules":null,"adapterConverter":null,"fieldSortable":null,"fieldMask":null,"fieldViewRuleList":[],"style":null,"formula":null,"auditable":false,"selectable":false,"mutable":true,"keepOrder":true,"allowedTypes":[],"array":false,"typeInfo":{"@type":"AutoEntityInfo","neoId":133,"typeName":"NeoDocument"},"filter":null,"defaultValue":null,"defaultListValues":null,"listType":null,"lookUpField":null,"fieldParent":false,"autoComplete":false,"runTimeTypeConverter":null,"fieldOrderBy":[],"mappedByField":null,"viewableFull":false,"hiddenFields":[],"createRecords":true,"editRecords":true,"deleteRecords":true,"excelExport":true,"filterViewRules":[],"filterViewRule":null,"gridViewable":true,"neoType":"Fentity.FieldInfoEntity"},{"@type":"FieldInfoEntity","neoId":54824,"@id":54824,"name":"TPLSSN","columnName":null,"title":"TP LSSN","description":null,"entityTitle":false,"editable":true,"editableOnCreation":false,"uniqueValue":false,"mandatory":false,"viewable":true,"gridViewableFlag":0,"showOrder":3,"filterable":false,"quickPart":false,"indexable":false,"mask":null,"fieldViewRules":null,"adapterConverter":null,"fieldSortable":null,"fieldMask":null,"fieldViewRuleList":[],"style":null,"formula":null,"auditable":false,"selectable":false,"mutable":true,"keepOrder":true,"allowedTypes":[],"array":true,"typeInfo":{"@type":"DocumentEntityInfo","neoId":54787,"typeName":"Padrao"},"filter":null,"defaultValue":null,"defaultListValues":null,"listType":0,"lookUpField":null,"fieldParent":false,"autoComplete":false,"runTimeTypeConverter":null,"fieldOrderBy":[],"mappedByField":null,"viewableFull":false,"hiddenFields":[],"createRecords":true,"editRecords":true,"deleteRecords":true,"excelExport":true,"filterViewRules":[],"filterViewRule":null,"gridViewable":true,"neoType":"Fentity.FieldInfoEntity"},{"@type":"FieldInfoEntity","neoId":54486,"@id":54486,"name":"LNSS","columnName":null,"title":"LNSS","description":null,"entityTitle":false,"editable":true,"editableOnCreation":false,"uniqueValue":false,"mandatory":false,"viewable":true,"gridViewableFlag":0,"showOrder":4,"filterable":false,"quickPart":false,"indexable":false,"mask":null,"fieldViewRules":null,"adapterConverter":null,"fieldSortable":null,"fieldMask":null,"fieldViewRuleList":[],"style":null,"formula":null,"auditable":true,"selectable":true,"mutable":true,"keepOrder":true,"allowedTypes":[],"array":false,"typeInfo":{"@type":"DynamicEntityInfo","neoId":54460,"typeName":"FMTodosOsCampos"},"filter":null,"defaultValue":null,"defaultListValues":null,"listType":null,"lookUpField":null,"fieldParent":false,"autoComplete":false,"runTimeTypeConverter":null,"fieldOrderBy":[],"mappedByField":null,"viewableFull":false,"hiddenFields":[],"createRecords":true,"editRecords":true,"deleteRecords":true,"excelExport":true,"filterViewRules":[],"filterViewRule":null,"gridViewable":true,"neoType":"Fentity.FieldInfoEntity"},{"@type":"FieldInfoEntity","neoId":54449,"@id":54449,"name":"NDLSSN","columnName":null,"title":"ND LSSN","description":null,"entityTitle":false,"editable":true,"editableOnCreation":false,"uniqueValue":false,"mandatory":false,"viewable":true,"gridViewableFlag":0,"showOrder":4,"filterable":false,"quickPart":false,"indexable":false,"mask":null,"fieldViewRules":null,"adapterConverter":null,"fieldSortable":null,"fieldMask":null,"fieldViewRuleList":[],"style":null,"formula":null,"auditable":false,"selectable":false,"mutable":true,"keepOrder":true,"allowedTypes":[],"array":true,"typeInfo":{"@type":"AutoEntityInfo","neoId":133,"typeName":"NeoDocument"},"filter":null,"defaultValue":null,"defaultListValues":null,"listType":0,"lookUpField":null,"fieldParent":false,"autoComplete":false,"runTimeTypeConverter":null,"fieldOrderBy":[],"mappedByField":null,"viewableFull":false,"hiddenFields":[],"createRecords":true,"editRecords":true,"deleteRecords":true,"excelExport":true,"filterViewRules":[],"filterViewRule":null,"gridViewable":true,"neoType":"Fentity.FieldInfoEntity"},{"@type":"FieldInfoEntity","neoId":54825,"@id":54825,"name":"TPLNSN","columnName":null,"title":"TP LNSN","description":null,"entityTitle":false,"editable":true,"editableOnCreation":false,"uniqueValue":false,"mandatory":false,"viewable":true,"gridViewableFlag":0,"showOrder":4,"filterable":false,"quickPart":false,"indexable":false,"mask":null,"fieldViewRules":null,"adapterConverter":null,"fieldSortable":null,"fieldMask":null,"fieldViewRuleList":[],"style":null,"formula":null,"auditable":false,"selectable":false,"mutable":true,"keepOrder":true,"allowedTypes":[],"array":false,"typeInfo":{"@type":"DocumentEntityInfo","neoId":54787,"typeName":"Padrao"},"filter":null,"defaultValue":null,"defaultListValues":null,"listType":null,"lookUpField":null,"fieldParent":false,"autoComplete":false,"runTimeTypeConverter":null,"fieldOrderBy":[],"mappedByField":null,"viewableFull":false,"hiddenFields":[],"createRecords":true,"editRecords":true,"deleteRecords":true,"excelExport":true,"filterViewRules":[],"filterViewRule":null,"gridViewable":true,"neoType":"Fentity.FieldInfoEntity"},{"@type":"FieldInfoEntity","neoId":54826,"@id":54826,"name":"Consenso","columnName":null,"title":"Consenso","description":null,"entityTitle":false,"editable":false,"editableOnCreation":false,"uniqueValue":false,"mandatory":false,"viewable":true,"gridViewableFlag":0,"showOrder":5,"filterable":false,"quickPart":false,"indexable":false,"mask":null,"fieldViewRules":null,"adapterConverter":null,"fieldSortable":null,"fieldMask":null,"fieldViewRuleList":[],"style":null,"formula":null,"auditable":false,"selectable":false,"mutable":true,"keepOrder":true,"allowedTypes":[],"array":true,"typeInfo":{"@type":"AutoEntityInfo","neoId":230,"typeName":"Consensus"},"filter":null,"defaultValue":null,"defaultListValues":null,"listType":0,"lookUpField":null,"fieldParent":false,"autoComplete":false,"runTimeTypeConverter":null,"fieldOrderBy":[],"mappedByField":null,"viewableFull":false,"hiddenFields":[],"createRecords":true,"editRecords":true,"deleteRecords":true,"excelExport":true,"filterViewRules":[],"filterViewRule":null,"gridViewable":true,"neoType":"Fentity.FieldInfoEntity"},{"@type":"FieldInfoEntity","neoId":54569,"@id":54569,"name":"wfprocess","columnName":null,"title":"wfprocess","description":null,"entityTitle":false,"editable":false,"editableOnCreation":false,"uniqueValue":false,"mandatory":false,"viewable":false,"gridViewableFlag":1,"showOrder":5,"filterable":false,"quickPart":false,"indexable":false,"mask":null,"fieldViewRules":null,"adapterConverter":null,"fieldSortable":null,"fieldMask":null,"fieldViewRuleList":[],"style":null,"formula":null,"auditable":false,"selectable":true,"mutable":true,"keepOrder":true,"allowedTypes":[],"array":false,"typeInfo":{"@type":"AutoEntityInfo","neoId":337,"typeName":"WFProcess"},"filter":null,"defaultValue":null,"defaultListValues":null,"listType":null,"lookUpField":null,"fieldParent":false,"autoComplete":false,"runTimeTypeConverter":null,"fieldOrderBy":[],"mappedByField":null,"viewableFull":true,"hiddenFields":[],"createRecords":false,"editRecords":true,"deleteRecords":true,"excelExport":true,"filterViewRules":[],"filterViewRule":null,"gridViewable":false,"neoType":"Fentity.FieldInfoEntity"}],"manualInsert":true,"customAdapter":"","customLayout":false,"formLayout":null,"tabs":[{"@type":"Tab","neoId":54450,"@id":54450,"showOrder":0,"name":"generalkey","tabViewRules":null,"tabViewRuleList":[],"defaultTab":true,"tabFieldCodes":[{"@type":"FieldRef","fieldName":"NDLNSS","fieldInfoTitle":"NDLNSS","neoId":54451,"entityName":null,"displayName":"NDLNSS"},{"@type":"FieldRef","fieldName":"NDLSSS","fieldInfoTitle":"NDLSSS","neoId":54452,"entityName":null,"displayName":"NDLSSS"},{"@type":"FieldRef","fieldName":"NDLNSN","fieldInfoTitle":"NDLNSN","neoId":54453,"entityName":null,"displayName":"NDLNSN"},{"@type":"FieldRef","fieldName":"NDLSSN","fieldInfoTitle":"NDLSSN","neoId":54454,"entityName":null,"displayName":"NDLSSN"},{"@type":"FieldRef","fieldName":"wfprocess","fieldInfoTitle":"wfprocess","neoId":54570,"entityName":"WFProcess","displayName":"wfprocess"}],"neoType":"Fentity.tab.Tab"},{"@type":"Tab","neoId":54827,"@id":54827,"showOrder":1,"name":"TP","tabViewRules":null,"tabViewRuleList":[],"defaultTab":false,"tabFieldCodes":[{"@type":"FieldRef","fieldName":"TPLSSS","fieldInfoTitle":"TPLSSS","neoId":54828,"entityName":null,"displayName":"TPLSSS"},{"@type":"FieldRef","fieldName":"TPLNSS","fieldInfoTitle":"TPLNSS","neoId":54829,"entityName":null,"displayName":"TPLNSS"},{"@type":"FieldRef","fieldName":"TPLSSN","fieldInfoTitle":"TPLSSN","neoId":54830,"entityName":null,"displayName":"TPLSSN"},{"@type":"FieldRef","fieldName":"TPLNSN","fieldInfoTitle":"TPLNSN","neoId":54831,"entityName":null,"displayName":"TPLNSN"}],"neoType":"Fentity.tab.Tab"},{"@type":"Tab","neoId":54487,"@id":54487,"showOrder":2,"name":"Outros","tabViewRules":null,"tabViewRuleList":[],"defaultTab":false,"tabFieldCodes":[{"@type":"FieldRef","fieldName":"LNSN","fieldInfoTitle":"LNSN","neoId":54488,"entityName":null,"displayName":"LNSN"},{"@type":"FieldRef","fieldName":"LSSS","fieldInfoTitle":"LSSS","neoId":54489,"entityName":null,"displayName":"LSSS"},{"@type":"FieldRef","fieldName":"LSSN","fieldInfoTitle":"LSSN","neoId":54490,"entityName":null,"displayName":"LSSN"},{"@type":"FieldRef","fieldName":"LNSS","fieldInfoTitle":"LNSS","neoId":54491,"entityName":null,"displayName":"LNSS"},{"@type":"FieldRef","fieldName":"Consenso","fieldInfoTitle":"Consenso","neoId":54832,"entityName":null,"displayName":"Consenso"}],"neoType":"Fentity.tab.Tab"}],"typeSecurityController":null,"accessList":[],"creationDate":1721228307000,"category":{"@type":"Category","name":"Campos","path":"Campos","type":1},"description":"","titleTranslation":null,"auditType":1,"systemForm":false,"abstract":false,"neoType":"Fentity.dynamic.DynamicEntityInfo"}