{"@type":"DynamicEntityInfo","neoId":41573,"@id":41573,"typeName":"FMDecimal","userSecurityController":null,"title":"[FM] Decimal","auditable":true,"parent":{"@type":"AutoEntityInfo","neoId":145,"typeName":"NeoObject"},"fieldSet":[{"@type":"FieldInfoDecimal","neoId":41574,"@id":41574,"name":"DecimalNormal","columnName":null,"title":"Decimal Normal","description":null,"entityTitle":false,"editable":true,"editableOnCreation":false,"uniqueValue":false,"mandatory":false,"viewable":true,"gridViewableFlag":0,"showOrder":1,"filterable":false,"quickPart":false,"indexable":false,"mask":null,"fieldViewRules":null,"adapterConverter":null,"fieldSortable":null,"fieldMask":{"@type":"FieldInfoMaskDecimal","neoId":594,"value":"default","code":"200"},"fieldViewRuleList":[],"style":null,"formula":null,"auditable":true,"defaultValue":null,"maxLength":null,"scale":2,"numberWords":false,"encrypted":false,"allowedUsers":[],"typeMask":0,"showRemainingCharacters":false,"currencySymbolStyle":null,"currencySymbol":"","gridViewable":true,"neoType":"Fentity.FieldInfoDecimal"},{"@type":"FieldInfoDecimal","neoId":41575,"@id":41575,"name":"SemMilhar","columnName":null,"title":"Sem milhar","description":null,"entityTitle":false,"editable":true,"editableOnCreation":false,"uniqueValue":false,"mandatory":false,"viewable":true,"gridViewableFlag":0,"showOrder":2,"filterable":false,"quickPart":false,"indexable":false,"mask":null,"fieldViewRules":null,"adapterConverter":null,"fieldSortable":null,"fieldMask":{"@type":"FieldInfoMaskDecimal","neoId":593,"value":"withoutathousandsower","code":"201"},"fieldViewRuleList":[],"style":null,"formula":"","auditable":true,"defaultValue":null,"maxLength":null,"scale":2,"numberWords":false,"encrypted":false,"allowedUsers":[],"typeMask":0,"showRemainingCharacters":false,"currencySymbolStyle":1,"currencySymbol":"","gridViewable":true,"neoType":"Fentity.FieldInfoDecimal"},{"@type":"FieldInfoDecimal","neoId":41576,"@id":41576,"name":"Porcentagem","columnName":null,"title":"Porcentagem","description":null,"entityTitle":false,"editable":true,"editableOnCreation":false,"uniqueValue":false,"mandatory":false,"viewable":true,"gridViewableFlag":0,"showOrder":3,"filterable":false,"quickPart":false,"indexable":false,"mask":null,"fieldViewRules":null,"adapterConverter":null,"fieldSortable":null,"fieldMask":{"@type":"FieldInfoMaskDecimal","neoId":596,"value":"percentage2","code":"202"},"fieldViewRuleList":[],"style":null,"formula":"","auditable":true,"defaultValue":null,"maxLength":null,"scale":2,"numberWords":false,"encrypted":false,"allowedUsers":[],"typeMask":0,"showRemainingCharacters":false,"currencySymbolStyle":1,"currencySymbol":"","gridViewable":true,"neoType":"Fentity.FieldInfoDecimal"},{"@type":"FieldInfoDecimal","neoId":41577,"@id":41577,"name":"MonetarioPrefixo","columnName":null,"title":"Monetário Prefixo","description":null,"entityTitle":false,"editable":true,"editableOnCreation":false,"uniqueValue":false,"mandatory":false,"viewable":true,"gridViewableFlag":0,"showOrder":4,"filterable":false,"quickPart":false,"indexable":false,"mask":null,"fieldViewRules":null,"adapterConverter":null,"fieldSortable":null,"fieldMask":{"@type":"FieldInfoMaskDecimal","neoId":603,"value":"money","code":"209"},"fieldViewRuleList":[],"style":null,"formula":"","auditable":true,"defaultValue":null,"maxLength":null,"scale":2,"numberWords":false,"encrypted":false,"allowedUsers":[],"typeMask":0,"showRemainingCharacters":false,"currencySymbolStyle":1,"currencySymbol":"R$","gridViewable":true,"neoType":"Fentity.FieldInfoDecimal"},{"@type":"FieldInfoDecimal","neoId":41578,"@id":41578,"name":"MonetarioSufixo","columnName":null,"title":"Monetário Sufixo","description":null,"entityTitle":false,"editable":true,"editableOnCreation":false,"uniqueValue":false,"mandatory":false,"viewable":true,"gridViewableFlag":0,"showOrder":5,"filterable":false,"quickPart":false,"indexable":false,"mask":null,"fieldViewRules":null,"adapterConverter":null,"fieldSortable":null,"fieldMask":{"@type":"FieldInfoMaskDecimal","neoId":603,"value":"money","code":"209"},"fieldViewRuleList":[],"style":null,"formula":"","auditable":true,"defaultValue":null,"maxLength":null,"scale":2,"numberWords":false,"encrypted":false,"allowedUsers":[],"typeMask":0,"showRemainingCharacters":false,"currencySymbolStyle":0,"currencySymbol":"R$","gridViewable":true,"neoType":"Fentity.FieldInfoDecimal"},{"@type":"FieldInfoDecimal","neoId":41579,"@id":41579,"name":"a1CasaDecimal","columnName":null,"title":"1 Casa Decimal","description":null,"entityTitle":false,"editable":true,"editableOnCreation":false,"uniqueValue":false,"mandatory":false,"viewable":true,"gridViewableFlag":0,"showOrder":6,"filterable":false,"quickPart":false,"indexable":false,"mask":null,"fieldViewRules":null,"adapterConverter":null,"fieldSortable":null,"fieldMask":{"@type":"FieldInfoMaskDecimal","neoId":594,"value":"default","code":"200"},"fieldViewRuleList":[],"style":null,"formula":"","auditable":true,"defaultValue":null,"maxLength":null,"scale":1,"numberWords":false,"encrypted":false,"allowedUsers":[],"typeMask":0,"showRemainingCharacters":false,"currencySymbolStyle":1,"currencySymbol":"","gridViewable":true,"neoType":"Fentity.FieldInfoDecimal"},{"@type":"FieldInfoDecimal","neoId":41580,"@id":41580,"name":"a3CasaDecimal","columnName":null,"title":"3 Casa Decimal","description":null,"entityTitle":false,"editable":true,"editableOnCreation":false,"uniqueValue":false,"mandatory":false,"viewable":true,"gridViewableFlag":0,"showOrder":7,"filterable":false,"quickPart":false,"indexable":false,"mask":null,"fieldViewRules":null,"adapterConverter":null,"fieldSortable":null,"fieldMask":{"@type":"FieldInfoMaskDecimal","neoId":594,"value":"default","code":"200"},"fieldViewRuleList":[],"style":null,"formula":"","auditable":true,"defaultValue":null,"maxLength":null,"scale":3,"numberWords":false,"encrypted":false,"allowedUsers":[],"typeMask":0,"showRemainingCharacters":false,"currencySymbolStyle":1,"currencySymbol":"","gridViewable":true,"neoType":"Fentity.FieldInfoDecimal"},{"@type":"FieldInfoDecimal","neoId":41581,"@id":41581,"name":"a4CasaDecimal","columnName":null,"title":"4 Casa Decimal","description":null,"entityTitle":false,"editable":true,"editableOnCreation":false,"uniqueValue":false,"mandatory":false,"viewable":true,"gridViewableFlag":0,"showOrder":8,"filterable":false,"quickPart":false,"indexable":false,"mask":null,"fieldViewRules":null,"adapterConverter":null,"fieldSortable":null,"fieldMask":{"@type":"FieldInfoMaskDecimal","neoId":594,"value":"default","code":"200"},"fieldViewRuleList":[],"style":null,"formula":"","auditable":true,"defaultValue":null,"maxLength":null,"scale":4,"numberWords":false,"encrypted":false,"allowedUsers":[],"typeMask":0,"showRemainingCharacters":false,"currencySymbolStyle":1,"currencySymbol":"","gridViewable":true,"neoType":"Fentity.FieldInfoDecimal"},{"@type":"FieldInfoDecimal","neoId":41582,"@id":41582,"name":"a5CasaDecimal","columnName":null,"title":"5 Casa Decimal","description":null,"entityTitle":false,"editable":true,"editableOnCreation":false,"uniqueValue":false,"mandatory":false,"viewable":true,"gridViewableFlag":0,"showOrder":9,"filterable":false,"quickPart":false,"indexable":false,"mask":null,"fieldViewRules":null,"adapterConverter":null,"fieldSortable":null,"fieldMask":{"@type":"FieldInfoMaskDecimal","neoId":594,"value":"default","code":"200"},"fieldViewRuleList":[],"style":null,"formula":"","auditable":true,"defaultValue":null,"maxLength":null,"scale":5,"numberWords":false,"encrypted":false,"allowedUsers":[],"typeMask":0,"showRemainingCharacters":false,"currencySymbolStyle":1,"currencySymbol":"","gridViewable":true,"neoType":"Fentity.FieldInfoDecimal"},{"@type":"FieldInfoDecimal","neoId":41583,"@id":41583,"name":"a6CasaDecimal","columnName":null,"title":"6 Casa Decimal","description":null,"entityTitle":false,"editable":true,"editableOnCreation":false,"uniqueValue":false,"mandatory":false,"viewable":true,"gridViewableFlag":0,"showOrder":10,"filterable":false,"quickPart":false,"indexable":false,"mask":null,"fieldViewRules":null,"adapterConverter":null,"fieldSortable":null,"fieldMask":{"@type":"FieldInfoMaskDecimal","neoId":594,"value":"default","code":"200"},"fieldViewRuleList":[],"style":null,"formula":"","auditable":true,"defaultValue":null,"maxLength":null,"scale":6,"numberWords":false,"encrypted":false,"allowedUsers":[],"typeMask":0,"showRemainingCharacters":false,"currencySymbolStyle":1,"currencySymbol":"","gridViewable":true,"neoType":"Fentity.FieldInfoDecimal"},{"@type":"FieldInfoEntity","neoId":41664,"@id":41664,"name":"wfprocess","columnName":null,"title":"wfprocess","description":null,"entityTitle":false,"editable":false,"editableOnCreation":false,"uniqueValue":false,"mandatory":false,"viewable":false,"gridViewableFlag":1,"showOrder":11,"filterable":false,"quickPart":false,"indexable":false,"mask":null,"fieldViewRules":null,"adapterConverter":null,"fieldSortable":null,"fieldMask":null,"fieldViewRuleList":[],"style":null,"formula":null,"auditable":false,"selectable":true,"mutable":true,"keepOrder":true,"allowedTypes":[],"array":false,"typeInfo":{"@type":"AutoEntityInfo","neoId":337,"typeName":"WFProcess"},"filter":null,"defaultValue":null,"defaultListValues":null,"listType":null,"lookUpField":null,"fieldParent":false,"autoComplete":false,"runTimeTypeConverter":null,"fieldOrderBy":[],"mappedByField":null,"viewableFull":true,"hiddenFields":[],"createRecords":false,"editRecords":true,"deleteRecords":true,"excelExport":true,"filterViewRules":[],"filterViewRule":null,"gridViewable":false,"neoType":"Fentity.FieldInfoEntity"}],"manualInsert":true,"customAdapter":"","customLayout":false,"formLayout":null,"tabs":[{"@type":"Tab","neoId":41584,"@id":41584,"showOrder":0,"name":"generalkey","tabViewRules":null,"tabViewRuleList":[],"defaultTab":true,"tabFieldCodes":[{"@type":"FieldRef","fieldName":"DecimalNormal","fieldInfoTitle":"DecimalNormal","neoId":41585,"entityName":null,"displayName":"DecimalNormal"},{"@type":"FieldRef","fieldName":"SemMilhar","fieldInfoTitle":"SemMilhar","neoId":41586,"entityName":null,"displayName":"SemMilhar"},{"@type":"FieldRef","fieldName":"Porcentagem","fieldInfoTitle":"Porcentagem","neoId":41587,"entityName":null,"displayName":"Porcentagem"},{"@type":"FieldRef","fieldName":"MonetarioPrefixo","fieldInfoTitle":"MonetarioPrefixo","neoId":41588,"entityName":null,"displayName":"MonetarioPrefixo"},{"@type":"FieldRef","fieldName":"MonetarioSufixo","fieldInfoTitle":"MonetarioSufixo","neoId":41589,"entityName":null,"displayName":"MonetarioSufixo"},{"@type":"FieldRef","fieldName":"a1CasaDecimal","fieldInfoTitle":"a1CasaDecimal","neoId":41590,"entityName":null,"displayName":"a1CasaDecimal"},{"@type":"FieldRef","fieldName":"a3CasaDecimal","fieldInfoTitle":"a3CasaDecimal","neoId":41591,"entityName":null,"displayName":"a3CasaDecimal"},{"@type":"FieldRef","fieldName":"a4CasaDecimal","fieldInfoTitle":"a4CasaDecimal","neoId":41592,"entityName":null,"displayName":"a4CasaDecimal"},{"@type":"FieldRef","fieldName":"a5CasaDecimal","fieldInfoTitle":"a5CasaDecimal","neoId":41593,"entityName":null,"displayName":"a5CasaDecimal"},{"@type":"FieldRef","fieldName":"a6CasaDecimal","fieldInfoTitle":"a6CasaDecimal","neoId":41594,"entityName":null,"displayName":"a6CasaDecimal"},{"@type":"FieldRef","fieldName":"wfprocess","fieldInfoTitle":"wfprocess","neoId":41665,"entityName":"WFProcess","displayName":"wfprocess"}],"neoType":"Fentity.tab.Tab"}],"typeSecurityController":null,"accessList":[],"creationDate":1720448892000,"category":null,"description":"","titleTranslation":null,"auditType":1,"systemForm":false,"abstract":false,"neoType":"Fentity.dynamic.DynamicEntityInfo"}