{"@type":"DynamicEntityInfo","neoId":54115,"@id":54115,"typeName":"FMUsuario","userSecurityController":null,"title":"[FM] Usuário","auditable":true,"parent":{"@type":"AutoEntityInfo","neoId":145,"typeName":"NeoObject"},"fieldSet":[{"@type":"FieldInfoUser","neoId":54116,"@id":54116,"name":"UsuarioSImples","columnName":null,"title":"Usuário SImples","description":null,"entityTitle":false,"editable":true,"editableOnCreation":false,"uniqueValue":false,"mandatory":false,"viewable":true,"gridViewableFlag":0,"showOrder":1,"filterable":false,"quickPart":false,"indexable":false,"mask":null,"fieldViewRules":null,"adapterConverter":null,"fieldSortable":null,"fieldMask":null,"fieldViewRuleList":[],"style":null,"formula":null,"auditable":true,"currentUser":false,"defaultValueId":null,"autoComplete":true,"viewableFull":false,"createRecords":true,"editRecords":true,"deleteRecords":true,"excelExport":true,"selectable":true,"typeInfo":{"@type":"AutoEntityInfo","neoId":240,"typeName":"NeoUser"},"gridViewable":true,"neoType":"Fentity.FieldInfoUser"},{"@type":"FieldInfoUser","neoId":54117,"@id":54117,"name":"UsuarioComplementar","columnName":null,"title":"Usuário Complementar","description":null,"entityTitle":false,"editable":true,"editableOnCreation":false,"uniqueValue":false,"mandatory":false,"viewable":true,"gridViewableFlag":0,"showOrder":2,"filterable":false,"quickPart":false,"indexable":false,"mask":null,"fieldViewRules":null,"adapterConverter":null,"fieldSortable":null,"fieldMask":null,"fieldViewRuleList":[],"style":null,"formula":null,"auditable":true,"currentUser":false,"defaultValueId":null,"autoComplete":true,"viewableFull":true,"createRecords":true,"editRecords":true,"deleteRecords":true,"excelExport":true,"selectable":true,"typeInfo":{"@type":"AutoEntityInfo","neoId":240,"typeName":"NeoUser"},"gridViewable":true,"neoType":"Fentity.FieldInfoUser"},{"@type":"FieldInfoEntity","neoId":54174,"@id":54174,"name":"wfprocess","columnName":null,"title":"wfprocess","description":null,"entityTitle":false,"editable":false,"editableOnCreation":false,"uniqueValue":false,"mandatory":false,"viewable":false,"gridViewableFlag":1,"showOrder":3,"filterable":false,"quickPart":false,"indexable":false,"mask":null,"fieldViewRules":null,"adapterConverter":null,"fieldSortable":null,"fieldMask":null,"fieldViewRuleList":[],"style":null,"formula":null,"auditable":false,"selectable":true,"mutable":true,"keepOrder":true,"allowedTypes":[],"array":false,"typeInfo":{"@type":"AutoEntityInfo","neoId":337,"typeName":"WFProcess"},"filter":null,"defaultValue":null,"defaultListValues":null,"listType":null,"lookUpField":null,"fieldParent":false,"autoComplete":false,"runTimeTypeConverter":null,"fieldOrderBy":[],"mappedByField":null,"viewableFull":true,"hiddenFields":[],"createRecords":false,"editRecords":true,"deleteRecords":true,"excelExport":true,"filterViewRules":[],"filterViewRule":null,"gridViewable":false,"neoType":"Fentity.FieldInfoEntity"}],"manualInsert":true,"customAdapter":"","customLayout":false,"formLayout":null,"tabs":[{"@type":"Tab","neoId":54118,"@id":54118,"showOrder":0,"name":"generalkey","tabViewRules":null,"tabViewRuleList":[],"defaultTab":true,"tabFieldCodes":[{"@type":"FieldRef","fieldName":"UsuarioSImples","fieldInfoTitle":"UsuarioSImples","neoId":54119,"entityName":null,"displayName":"UsuarioSImples"},{"@type":"FieldRef","fieldName":"UsuarioComplementar","fieldInfoTitle":"UsuarioComplementar","neoId":54120,"entityName":null,"displayName":"UsuarioComplementar"},{"@type":"FieldRef","fieldName":"wfprocess","fieldInfoTitle":"wfprocess","neoId":54175,"entityName":"WFProcess","displayName":"wfprocess"}],"neoType":"Fentity.tab.Tab"}],"typeSecurityController":null,"accessList":[],"creationDate":1721221099000,"category":{"@type":"Category","name":"Campos","path":"Campos","type":1},"description":"","titleTranslation":null,"auditType":1,"systemForm":false,"abstract":false,"neoType":"Fentity.dynamic.DynamicEntityInfo"}