{"@type":"DynamicEntityInfo","neoId":42680,"@id":42680,"typeName":"FMDesabilitado","userSecurityController":null,"title":"[FM] Desabilitado","auditable":true,"parent":{"@type":"AutoEntityInfo","neoId":145,"typeName":"NeoObject"},"fieldSet":[{"@type":"FieldInfoText","neoId":42681,"@id":42681,"name":"Teste","columnName":null,"title":"Teste","description":null,"entityTitle":false,"editable":true,"editableOnCreation":false,"uniqueValue":false,"mandatory":false,"viewable":true,"gridViewableFlag":0,"showOrder":1,"filterable":false,"quickPart":false,"indexable":true,"mask":null,"fieldViewRules":null,"adapterConverter":null,"fieldSortable":null,"fieldMask":{"@type":"FieldInfoMaskText","neoId":613,"value":"default","code":"500"},"fieldViewRuleList":[],"style":null,"formula":null,"auditable":true,"textArea":false,"richText":false,"password":false,"i18nable":false,"defaultValue":"","defaultValueTextArea":"","defaultValueRichText":"","generateValue":null,"passwordDecodable":true,"showRemainingCharacters":false,"maxLength":null,"encrypted":false,"allowedUsers":[],"customMask":null,"columnLength":255,"typeMask":0,"gridViewable":true,"neoType":"Fentity.FieldInfoText"},{"@type":"FieldInfoEntity","neoId":42711,"@id":42711,"name":"wfprocess","columnName":null,"title":"wfprocess","description":null,"entityTitle":false,"editable":false,"editableOnCreation":false,"uniqueValue":false,"mandatory":false,"viewable":false,"gridViewableFlag":1,"showOrder":2,"filterable":false,"quickPart":false,"indexable":false,"mask":null,"fieldViewRules":null,"adapterConverter":null,"fieldSortable":null,"fieldMask":null,"fieldViewRuleList":[],"style":null,"formula":null,"auditable":false,"selectable":true,"mutable":true,"keepOrder":true,"allowedTypes":[],"array":false,"typeInfo":{"@type":"AutoEntityInfo","neoId":337,"typeName":"WFProcess"},"filter":null,"defaultValue":null,"defaultListValues":null,"listType":null,"lookUpField":null,"fieldParent":false,"autoComplete":false,"runTimeTypeConverter":null,"fieldOrderBy":[],"mappedByField":null,"viewableFull":true,"hiddenFields":[],"createRecords":false,"editRecords":true,"deleteRecords":true,"excelExport":true,"filterViewRules":[],"filterViewRule":null,"gridViewable":false,"neoType":"Fentity.FieldInfoEntity"}],"manualInsert":true,"customAdapter":"","customLayout":false,"formLayout":null,"tabs":[{"@type":"Tab","neoId":42682,"@id":42682,"showOrder":0,"name":"generalkey","tabViewRules":null,"tabViewRuleList":[],"defaultTab":true,"tabFieldCodes":[{"@type":"FieldRef","fieldName":"Teste","fieldInfoTitle":"Teste","neoId":42683,"entityName":null,"displayName":"Teste"},{"@type":"FieldRef","fieldName":"wfprocess","fieldInfoTitle":"wfprocess","neoId":42712,"entityName":"WFProcess","displayName":"wfprocess"}],"neoType":"Fentity.tab.Tab"}],"typeSecurityController":null,"accessList":[],"creationDate":1720549293000,"category":null,"description":"","titleTranslation":null,"auditType":1,"systemForm":false,"abstract":false,"neoType":"Fentity.dynamic.DynamicEntityInfo"}