{"@type":"DynamicEntityInfo","neoId":54202,"@id":54202,"typeName":"FMTiposDeTeste","userSecurityController":null,"title":"[FM] Tipos de Teste","auditable":true,"parent":{"@type":"AutoEntityInfo","neoId":145,"typeName":"NeoObject"},"fieldSet":[{"@type":"FieldInfoEnum","neoId":54203,"@id":54203,"name":"ListaDeOpcoes","columnName":null,"title":"Lista de Opções","description":null,"entityTitle":false,"editable":true,"editableOnCreation":false,"uniqueValue":false,"mandatory":true,"viewable":true,"gridViewableFlag":0,"showOrder":1,"filterable":false,"quickPart":false,"indexable":false,"mask":null,"fieldViewRules":null,"adapterConverter":null,"fieldSortable":null,"fieldMask":null,"fieldViewRuleList":[],"style":null,"formula":null,"auditable":true,"values":[{"@type":"EnumValue","neoId":54204,"@id":54204,"key":1,"showOrder":1,"value":"AvançarFim","neoType":"Fentity.EnumValue"},{"@type":"EnumValue","neoId":54205,"@id":54205,"key":2,"showOrder":2,"value":"NãoAvançar","neoType":"Fentity.EnumValue"},{"@type":"EnumValue","neoId":54206,"@id":54206,"key":3,"showOrder":3,"value":"NãoPreencherCamposObrigatórios","neoType":"Fentity.EnumValue"},{"@type":"EnumValue","neoId":54207,"@id":54207,"key":4,"showOrder":4,"value":"ExecuçãoMúltipla","neoType":"Fentity.EnumValue"},{"@type":"EnumValue","neoId":54208,"@id":54208,"key":5,"showOrder":5,"value":"Paralela","neoType":"Fentity.EnumValue"}],"exhibitionType":0,"defaultValue":null,"gridViewable":true,"neoType":"Fentity.FieldInfoEnum"},{"@type":"FieldInfoText","neoId":54209,"@id":54209,"name":"Teste","columnName":null,"title":"Teste","description":null,"entityTitle":false,"editable":true,"editableOnCreation":false,"uniqueValue":false,"mandatory":false,"viewable":true,"gridViewableFlag":0,"showOrder":2,"filterable":false,"quickPart":false,"indexable":false,"mask":null,"fieldViewRules":null,"adapterConverter":null,"fieldSortable":null,"fieldMask":{"@type":"FieldInfoMaskText","neoId":613,"value":"default","code":"500"},"fieldViewRuleList":[{"@type":"FieldViewRule","neoId":54210,"@id":54210,"expression":"{\"logicalOperators\":[],\"operandList\":[{\"operandList\":[{\"logicalOperators\":[],\"operandList\":[],\"variableType\":\"FIELD\",\"$$hashKey\":\"object:1197\",\"field\":{\"fieldName\":\"ListaDeOpcoes\",\"namePath\":\"Lista de Opções\",\"fieldType\":\"FieldInfoEnum\",\"typeInfo\":\"\",\"id\":88227},\"option\":\"VALUE\",\"rawValue\":\"NãoPreencherCamposObrigatórios\",\"displayValue\":null,\"operator\":{\"label\":\"isequal\",\"value\":\"==\"},\"rawValueEntity\":null}],\"logicalOperators\":[],\"variableType\":\"FIELD\",\"$$hashKey\":\"object:1191\"}]}","type":1,"action":5,"invalidMessage":"Este campo está inválido.","neoType":"Fentity.FieldViewRule"}],"style":null,"formula":"","auditable":true,"textArea":false,"richText":false,"password":false,"i18nable":false,"defaultValue":"","defaultValueTextArea":"","defaultValueRichText":"","generateValue":null,"passwordDecodable":true,"showRemainingCharacters":false,"maxLength":255,"encrypted":false,"allowedUsers":[],"customMask":null,"columnLength":255,"typeMask":0,"gridViewable":true,"neoType":"Fentity.FieldInfoText"},{"@type":"FieldInfoEntity","neoId":54214,"@id":54214,"name":"Consenso","columnName":null,"title":"Consenso","description":null,"entityTitle":false,"editable":false,"editableOnCreation":false,"uniqueValue":false,"mandatory":false,"viewable":true,"gridViewableFlag":0,"showOrder":3,"filterable":false,"quickPart":false,"indexable":false,"mask":null,"fieldViewRules":null,"adapterConverter":null,"fieldSortable":null,"fieldMask":null,"fieldViewRuleList":[],"style":null,"formula":null,"auditable":false,"selectable":false,"mutable":true,"keepOrder":true,"allowedTypes":[],"array":true,"typeInfo":{"@type":"AutoEntityInfo","neoId":230,"typeName":"Consensus"},"filter":null,"defaultValue":null,"defaultListValues":null,"listType":0,"lookUpField":null,"fieldParent":false,"autoComplete":false,"runTimeTypeConverter":null,"fieldOrderBy":[],"mappedByField":null,"viewableFull":false,"hiddenFields":[],"createRecords":true,"editRecords":true,"deleteRecords":true,"excelExport":true,"filterViewRules":[],"filterViewRule":null,"gridViewable":true,"neoType":"Fentity.FieldInfoEntity"},{"@type":"FieldInfoBoolean","neoId":54215,"@id":54215,"name":"Resultado","columnName":null,"title":"Resultado","description":null,"entityTitle":false,"editable":true,"editableOnCreation":false,"uniqueValue":false,"mandatory":false,"viewable":true,"gridViewableFlag":0,"showOrder":4,"filterable":false,"quickPart":false,"indexable":false,"mask":null,"fieldViewRules":null,"adapterConverter":null,"fieldSortable":null,"fieldMask":null,"fieldViewRuleList":[],"style":null,"formula":null,"auditable":true,"defaultValue":null,"selectionType":0,"gridViewable":true,"neoType":"Fentity.FieldInfoBoolean"},{"@type":"FieldInfoEntity","neoId":54369,"@id":54369,"name":"wfprocess","columnName":null,"title":"wfprocess","description":null,"entityTitle":false,"editable":false,"editableOnCreation":false,"uniqueValue":false,"mandatory":false,"viewable":false,"gridViewableFlag":1,"showOrder":5,"filterable":false,"quickPart":false,"indexable":false,"mask":null,"fieldViewRules":null,"adapterConverter":null,"fieldSortable":null,"fieldMask":null,"fieldViewRuleList":[],"style":null,"formula":null,"auditable":false,"selectable":true,"mutable":true,"keepOrder":true,"allowedTypes":[],"array":false,"typeInfo":{"@type":"AutoEntityInfo","neoId":337,"typeName":"WFProcess"},"filter":null,"defaultValue":null,"defaultListValues":null,"listType":null,"lookUpField":null,"fieldParent":false,"autoComplete":false,"runTimeTypeConverter":null,"fieldOrderBy":[],"mappedByField":null,"viewableFull":true,"hiddenFields":[],"createRecords":false,"editRecords":true,"deleteRecords":true,"excelExport":true,"filterViewRules":[],"filterViewRule":null,"gridViewable":false,"neoType":"Fentity.FieldInfoEntity"}],"manualInsert":true,"customAdapter":"","customLayout":false,"formLayout":null,"tabs":[{"@type":"Tab","neoId":54211,"@id":54211,"showOrder":0,"name":"generalkey","tabViewRules":null,"tabViewRuleList":[],"defaultTab":true,"tabFieldCodes":[{"@type":"FieldRef","fieldName":"ListaDeOpcoes","fieldInfoTitle":"ListaDeOpcoes","neoId":54212,"entityName":null,"displayName":"ListaDeOpcoes"},{"@type":"FieldRef","fieldName":"Teste","fieldInfoTitle":"Teste","neoId":54213,"entityName":null,"displayName":"Teste"},{"@type":"FieldRef","fieldName":"Consenso","fieldInfoTitle":"Consenso","neoId":54216,"entityName":null,"displayName":"Consenso"},{"@type":"FieldRef","fieldName":"Resultado","fieldInfoTitle":"Resultado","neoId":54217,"entityName":null,"displayName":"Resultado"},{"@type":"FieldRef","fieldName":"wfprocess","fieldInfoTitle":"wfprocess","neoId":54370,"entityName":"WFProcess","displayName":"wfprocess"}],"neoType":"Fentity.tab.Tab"}],"typeSecurityController":null,"accessList":[],"creationDate":1721225567000,"category":{"@type":"Category","name":"Campos","path":"Campos","type":1},"description":"[FM] Tipos de Teste","titleTranslation":null,"auditType":1,"systemForm":false,"abstract":false,"neoType":"Fentity.dynamic.DynamicEntityInfo"}