{"@type":"DynamicEntityInfo","neoId":41839,"@id":41839,"typeName":"FMInteiro","userSecurityController":null,"title":"[FM] Inteiro","auditable":true,"parent":{"@type":"AutoEntityInfo","neoId":145,"typeName":"NeoObject"},"fieldSet":[{"@type":"FieldInfoInteger","neoId":41840,"@id":41840,"name":"InteiroNormal","columnName":null,"title":"Inteiro normal","description":null,"entityTitle":false,"editable":true,"editableOnCreation":false,"uniqueValue":false,"mandatory":false,"viewable":true,"gridViewableFlag":0,"showOrder":1,"filterable":false,"quickPart":false,"indexable":false,"mask":null,"fieldViewRules":null,"adapterConverter":null,"fieldSortable":null,"fieldMask":{"@type":"FieldInfoMaskInteger","neoId":581,"value":"default","code":"300"},"fieldViewRuleList":[],"style":null,"formula":null,"auditable":true,"defaultValue":null,"maxLength":null,"encrypted":false,"allowedUsers":[],"typeMask":0,"showThousandSeparator":false,"showRemainingCharacters":false,"customMask":null,"gridViewable":true,"neoType":"Fentity.FieldInfoInteger"},{"@type":"FieldInfoInteger","neoId":41841,"@id":41841,"name":"SemMilhar","columnName":null,"title":"Sem milhar","description":null,"entityTitle":false,"editable":true,"editableOnCreation":false,"uniqueValue":false,"mandatory":false,"viewable":true,"gridViewableFlag":0,"showOrder":2,"filterable":false,"quickPart":false,"indexable":false,"mask":null,"fieldViewRules":null,"adapterConverter":null,"fieldSortable":null,"fieldMask":{"@type":"FieldInfoMaskInteger","neoId":582,"value":"withoutathousandsower","code":"301"},"fieldViewRuleList":[],"style":null,"formula":"","auditable":true,"defaultValue":null,"maxLength":18,"encrypted":false,"allowedUsers":[],"typeMask":0,"showThousandSeparator":false,"showRemainingCharacters":null,"customMask":null,"gridViewable":true,"neoType":"Fentity.FieldInfoInteger"},{"@type":"FieldInfoInteger","neoId":41842,"@id":41842,"name":"Porcentagem","columnName":null,"title":"Porcentagem","description":null,"entityTitle":false,"editable":true,"editableOnCreation":false,"uniqueValue":false,"mandatory":false,"viewable":true,"gridViewableFlag":0,"showOrder":3,"filterable":false,"quickPart":false,"indexable":false,"mask":null,"fieldViewRules":null,"adapterConverter":null,"fieldSortable":null,"fieldMask":{"@type":"FieldInfoMaskInteger","neoId":583,"value":"percentage2","code":"302"},"fieldViewRuleList":[],"style":null,"formula":"","auditable":true,"defaultValue":null,"maxLength":18,"encrypted":false,"allowedUsers":[],"typeMask":0,"showThousandSeparator":false,"showRemainingCharacters":null,"customMask":null,"gridViewable":true,"neoType":"Fentity.FieldInfoInteger"},{"@type":"FieldInfoInteger","neoId":41843,"@id":41843,"name":"Personalizada","columnName":null,"title":"Personalizada","description":null,"entityTitle":false,"editable":true,"editableOnCreation":false,"uniqueValue":false,"mandatory":false,"viewable":true,"gridViewableFlag":0,"showOrder":4,"filterable":false,"quickPart":false,"indexable":false,"mask":null,"fieldViewRules":null,"adapterConverter":null,"fieldSortable":null,"fieldMask":{"@type":"FieldInfoMaskCustom","neoId":591,"value":"custom2","code":"400"},"fieldViewRuleList":[],"style":null,"formula":"","auditable":true,"defaultValue":null,"maxLength":null,"encrypted":false,"allowedUsers":[],"typeMask":0,"showThousandSeparator":false,"showRemainingCharacters":false,"customMask":"##","gridViewable":true,"neoType":"Fentity.FieldInfoInteger"},{"@type":"FieldInfoInteger","neoId":41844,"@id":41844,"name":"Telefone","columnName":null,"title":"Telefone","description":null,"entityTitle":false,"editable":true,"editableOnCreation":false,"uniqueValue":false,"mandatory":false,"viewable":true,"gridViewableFlag":0,"showOrder":5,"filterable":false,"quickPart":false,"indexable":false,"mask":null,"fieldViewRules":null,"adapterConverter":null,"fieldSortable":null,"fieldMask":{"@type":"FieldInfoMaskPhone","neoId":620,"value":"phone","code":"310"},"fieldViewRuleList":[],"style":null,"formula":"","auditable":true,"defaultValue":null,"maxLength":null,"encrypted":false,"allowedUsers":[],"typeMask":0,"showThousandSeparator":false,"showRemainingCharacters":false,"customMask":null,"gridViewable":true,"neoType":"Fentity.FieldInfoInteger"},{"@type":"FieldInfoInteger","neoId":41845,"@id":41845,"name":"CEP","columnName":null,"title":"CEP","description":null,"entityTitle":false,"editable":true,"editableOnCreation":false,"uniqueValue":false,"mandatory":false,"viewable":true,"gridViewableFlag":0,"showOrder":6,"filterable":false,"quickPart":false,"indexable":false,"mask":null,"fieldViewRules":null,"adapterConverter":null,"fieldSortable":null,"fieldMask":{"@type":"FieldInfoMaskCep","neoId":621,"value":"CEP","code":"311"},"fieldViewRuleList":[],"style":null,"formula":"","auditable":true,"defaultValue":null,"maxLength":null,"encrypted":false,"allowedUsers":[],"typeMask":0,"showThousandSeparator":false,"showRemainingCharacters":false,"customMask":null,"gridViewable":true,"neoType":"Fentity.FieldInfoInteger"},{"@type":"FieldInfoInteger","neoId":41846,"@id":41846,"name":"CPF","columnName":null,"title":"CPF","description":null,"entityTitle":false,"editable":true,"editableOnCreation":false,"uniqueValue":false,"mandatory":false,"viewable":true,"gridViewableFlag":0,"showOrder":7,"filterable":false,"quickPart":false,"indexable":false,"mask":null,"fieldViewRules":null,"adapterConverter":null,"fieldSortable":null,"fieldMask":{"@type":"FieldInfoMaskCpf","neoId":623,"value":"CPF","code":"313"},"fieldViewRuleList":[],"style":null,"formula":"","auditable":true,"defaultValue":null,"maxLength":18,"encrypted":false,"allowedUsers":[],"typeMask":0,"showThousandSeparator":false,"showRemainingCharacters":null,"customMask":null,"gridViewable":true,"neoType":"Fentity.FieldInfoInteger"},{"@type":"FieldInfoInteger","neoId":41847,"@id":41847,"name":"CNPJ","columnName":null,"title":"CNPJ","description":null,"entityTitle":false,"editable":true,"editableOnCreation":false,"uniqueValue":false,"mandatory":false,"viewable":true,"gridViewableFlag":0,"showOrder":8,"filterable":false,"quickPart":false,"indexable":false,"mask":null,"fieldViewRules":null,"adapterConverter":null,"fieldSortable":null,"fieldMask":{"@type":"FieldInfoMaskCnpj","neoId":622,"value":"CNPJ","code":"312"},"fieldViewRuleList":[],"style":null,"formula":"","auditable":true,"defaultValue":null,"maxLength":null,"encrypted":false,"allowedUsers":[],"typeMask":0,"showThousandSeparator":false,"showRemainingCharacters":false,"customMask":null,"gridViewable":true,"neoType":"Fentity.FieldInfoInteger"},{"@type":"FieldInfoEntity","neoId":41918,"@id":41918,"name":"wfprocess","columnName":null,"title":"wfprocess","description":null,"entityTitle":false,"editable":false,"editableOnCreation":false,"uniqueValue":false,"mandatory":false,"viewable":false,"gridViewableFlag":1,"showOrder":9,"filterable":false,"quickPart":false,"indexable":false,"mask":null,"fieldViewRules":null,"adapterConverter":null,"fieldSortable":null,"fieldMask":null,"fieldViewRuleList":[],"style":null,"formula":null,"auditable":false,"selectable":true,"mutable":true,"keepOrder":true,"allowedTypes":[],"array":false,"typeInfo":{"@type":"AutoEntityInfo","neoId":337,"typeName":"WFProcess"},"filter":null,"defaultValue":null,"defaultListValues":null,"listType":null,"lookUpField":null,"fieldParent":false,"autoComplete":false,"runTimeTypeConverter":null,"fieldOrderBy":[],"mappedByField":null,"viewableFull":true,"hiddenFields":[],"createRecords":false,"editRecords":true,"deleteRecords":true,"excelExport":true,"filterViewRules":[],"filterViewRule":null,"gridViewable":false,"neoType":"Fentity.FieldInfoEntity"}],"manualInsert":true,"customAdapter":"","customLayout":false,"formLayout":null,"tabs":[{"@type":"Tab","neoId":41848,"@id":41848,"showOrder":0,"name":"generalkey","tabViewRules":null,"tabViewRuleList":[],"defaultTab":true,"tabFieldCodes":[{"@type":"FieldRef","fieldName":"InteiroNormal","fieldInfoTitle":"InteiroNormal","neoId":41849,"entityName":null,"displayName":"InteiroNormal"},{"@type":"FieldRef","fieldName":"SemMilhar","fieldInfoTitle":"SemMilhar","neoId":41850,"entityName":null,"displayName":"SemMilhar"},{"@type":"FieldRef","fieldName":"Porcentagem","fieldInfoTitle":"Porcentagem","neoId":41851,"entityName":null,"displayName":"Porcentagem"},{"@type":"FieldRef","fieldName":"Personalizada","fieldInfoTitle":"Personalizada","neoId":41852,"entityName":null,"displayName":"Personalizada"},{"@type":"FieldRef","fieldName":"Telefone","fieldInfoTitle":"Telefone","neoId":41853,"entityName":null,"displayName":"Telefone"},{"@type":"FieldRef","fieldName":"CEP","fieldInfoTitle":"CEP","neoId":41854,"entityName":null,"displayName":"CEP"},{"@type":"FieldRef","fieldName":"CPF","fieldInfoTitle":"CPF","neoId":41855,"entityName":null,"displayName":"CPF"},{"@type":"FieldRef","fieldName":"CNPJ","fieldInfoTitle":"CNPJ","neoId":41856,"entityName":null,"displayName":"CNPJ"},{"@type":"FieldRef","fieldName":"wfprocess","fieldInfoTitle":"wfprocess","neoId":41919,"entityName":"WFProcess","displayName":"wfprocess"}],"neoType":"Fentity.tab.Tab"}],"typeSecurityController":null,"accessList":[],"creationDate":1720450009000,"category":{"@type":"Category","name":"Campos","path":"Campos","type":1},"description":"","titleTranslation":null,"auditType":1,"systemForm":false,"abstract":false,"neoType":"Fentity.dynamic.DynamicEntityInfo"}