{"@type":"DynamicEntityInfo","neoId":40021,"@id":40021,"typeName":"FMTextoTodos","userSecurityController":null,"title":"[FM] Texto Todos","auditable":true,"parent":{"@type":"AutoEntityInfo","neoId":145,"typeName":"NeoObject"},"fieldSet":[{"@type":"FieldInfoText","neoId":40987,"@id":40987,"name":"MascaraSenha","columnName":null,"title":"Máscara Senha","description":null,"entityTitle":false,"editable":true,"editableOnCreation":false,"uniqueValue":false,"mandatory":false,"viewable":true,"gridViewableFlag":0,"showOrder":1,"filterable":false,"quickPart":false,"indexable":false,"mask":null,"fieldViewRules":null,"adapterConverter":null,"fieldSortable":null,"fieldMask":{"@type":"FieldInfoMaskPassword","neoId":618,"value":"password","code":"509"},"fieldViewRuleList":[],"style":null,"formula":"","auditable":true,"textArea":false,"richText":false,"password":true,"i18nable":false,"defaultValue":"","defaultValueTextArea":"","defaultValueRichText":"","generateValue":null,"passwordDecodable":true,"showRemainingCharacters":false,"maxLength":255,"encrypted":false,"allowedUsers":[],"customMask":null,"columnLength":255,"typeMask":0,"gridViewable":true,"neoType":"Fentity.FieldInfoText"},{"@type":"FieldInfoText","neoId":40022,"@id":40022,"name":"TextoNormal","columnName":null,"title":"Texto Normal","description":null,"entityTitle":false,"editable":true,"editableOnCreation":false,"uniqueValue":false,"mandatory":false,"viewable":true,"gridViewableFlag":0,"showOrder":1,"filterable":false,"quickPart":false,"indexable":true,"mask":null,"fieldViewRules":null,"adapterConverter":null,"fieldSortable":null,"fieldMask":{"@type":"FieldInfoMaskText","neoId":613,"value":"default","code":"500"},"fieldViewRuleList":[],"style":null,"formula":null,"auditable":true,"textArea":false,"richText":false,"password":false,"i18nable":false,"defaultValue":"","defaultValueTextArea":"","defaultValueRichText":"","generateValue":null,"passwordDecodable":true,"showRemainingCharacters":false,"maxLength":null,"encrypted":false,"allowedUsers":[],"customMask":null,"columnLength":255,"typeMask":0,"gridViewable":true,"neoType":"Fentity.FieldInfoText"},{"@type":"FieldInfoText","neoId":40023,"@id":40023,"name":"TextoContador","columnName":null,"title":"Texto Contador","description":null,"entityTitle":false,"editable":true,"editableOnCreation":false,"uniqueValue":false,"mandatory":false,"viewable":true,"gridViewableFlag":0,"showOrder":2,"filterable":false,"quickPart":false,"indexable":false,"mask":null,"fieldViewRules":null,"adapterConverter":null,"fieldSortable":null,"fieldMask":{"@type":"FieldInfoMaskText","neoId":613,"value":"default","code":"500"},"fieldViewRuleList":[],"style":null,"formula":"","auditable":true,"textArea":false,"richText":false,"password":false,"i18nable":false,"defaultValue":"","defaultValueTextArea":"","defaultValueRichText":"","generateValue":null,"passwordDecodable":true,"showRemainingCharacters":true,"maxLength":255,"encrypted":false,"allowedUsers":[],"customMask":null,"columnLength":255,"typeMask":0,"gridViewable":true,"neoType":"Fentity.FieldInfoText"},{"@type":"FieldInfoText","neoId":41100,"@id":41100,"name":"TextoArea","columnName":null,"title":"Texto Área","description":null,"entityTitle":false,"editable":true,"editableOnCreation":false,"uniqueValue":false,"mandatory":false,"viewable":true,"gridViewableFlag":0,"showOrder":3,"filterable":false,"quickPart":false,"indexable":true,"mask":null,"fieldViewRules":null,"adapterConverter":null,"fieldSortable":null,"fieldMask":{"@type":"FieldInfoMaskText","neoId":613,"value":"default","code":"500"},"fieldViewRuleList":[],"style":null,"formula":null,"auditable":true,"textArea":true,"richText":false,"password":false,"i18nable":false,"defaultValue":"","defaultValueTextArea":"","defaultValueRichText":"","generateValue":null,"passwordDecodable":true,"showRemainingCharacters":false,"maxLength":null,"encrypted":false,"allowedUsers":[],"customMask":null,"columnLength":2000,"typeMask":0,"gridViewable":true,"neoType":"Fentity.FieldInfoText"},{"@type":"FieldInfoText","neoId":40988,"@id":40988,"name":"Personalizada","columnName":null,"title":"Personalizada","description":null,"entityTitle":false,"editable":true,"editableOnCreation":false,"uniqueValue":false,"mandatory":false,"viewable":true,"gridViewableFlag":0,"showOrder":4,"filterable":false,"quickPart":false,"indexable":false,"mask":null,"fieldViewRules":null,"adapterConverter":null,"fieldSortable":null,"fieldMask":{"@type":"FieldInfoMaskCustom","neoId":617,"value":"custom2","code":"600"},"fieldViewRuleList":[],"style":null,"formula":"","auditable":true,"textArea":false,"richText":false,"password":false,"i18nable":false,"defaultValue":"","defaultValueTextArea":"","defaultValueRichText":"","generateValue":null,"passwordDecodable":true,"showRemainingCharacters":false,"maxLength":null,"encrypted":false,"allowedUsers":[],"customMask":"##","columnLength":255,"typeMask":0,"gridViewable":true,"neoType":"Fentity.FieldInfoText"},{"@type":"FieldInfoText","neoId":41101,"@id":41101,"name":"TextoEditorAvancado","columnName":null,"title":"Texto Editor Avançado","description":null,"entityTitle":false,"editable":true,"editableOnCreation":false,"uniqueValue":false,"mandatory":false,"viewable":true,"gridViewableFlag":0,"showOrder":4,"filterable":false,"quickPart":false,"indexable":true,"mask":null,"fieldViewRules":null,"adapterConverter":null,"fieldSortable":null,"fieldMask":{"@type":"FieldInfoMaskText","neoId":613,"value":"default","code":"500"},"fieldViewRuleList":[],"style":null,"formula":null,"auditable":true,"textArea":true,"richText":true,"password":false,"i18nable":false,"defaultValue":"","defaultValueTextArea":"","defaultValueRichText":"","generateValue":null,"passwordDecodable":true,"showRemainingCharacters":false,"maxLength":100000,"encrypted":false,"allowedUsers":[],"customMask":null,"columnLength":100000,"typeMask":0,"gridViewable":true,"neoType":"Fentity.FieldInfoText"},{"@type":"FieldInfoText","neoId":40989,"@id":40989,"name":"Telefone","columnName":null,"title":"Telefone","description":null,"entityTitle":false,"editable":true,"editableOnCreation":false,"uniqueValue":false,"mandatory":false,"viewable":true,"gridViewableFlag":0,"showOrder":5,"filterable":false,"quickPart":false,"indexable":false,"mask":null,"fieldViewRules":null,"adapterConverter":null,"fieldSortable":null,"fieldMask":{"@type":"FieldInfoMaskPhone","neoId":625,"value":"phone","code":"505"},"fieldViewRuleList":[],"style":null,"formula":"","auditable":true,"textArea":false,"richText":false,"password":false,"i18nable":false,"defaultValue":"","defaultValueTextArea":"","defaultValueRichText":"","generateValue":null,"passwordDecodable":true,"showRemainingCharacters":false,"maxLength":null,"encrypted":false,"allowedUsers":[],"customMask":null,"columnLength":255,"typeMask":0,"gridViewable":true,"neoType":"Fentity.FieldInfoText"},{"@type":"FieldInfoText","neoId":40990,"@id":40990,"name":"CEP","columnName":null,"title":"CEP","description":null,"entityTitle":false,"editable":true,"editableOnCreation":false,"uniqueValue":false,"mandatory":false,"viewable":true,"gridViewableFlag":0,"showOrder":6,"filterable":false,"quickPart":false,"indexable":false,"mask":null,"fieldViewRules":null,"adapterConverter":null,"fieldSortable":null,"fieldMask":{"@type":"FieldInfoMaskCep","neoId":626,"value":"CEP","code":"506"},"fieldViewRuleList":[],"style":null,"formula":"","auditable":true,"textArea":false,"richText":false,"password":false,"i18nable":false,"defaultValue":"","defaultValueTextArea":"","defaultValueRichText":"","generateValue":null,"passwordDecodable":true,"showRemainingCharacters":false,"maxLength":null,"encrypted":false,"allowedUsers":[],"customMask":null,"columnLength":255,"typeMask":0,"gridViewable":true,"neoType":"Fentity.FieldInfoText"},{"@type":"FieldInfoText","neoId":40991,"@id":40991,"name":"CPF","columnName":null,"title":"CPF","description":null,"entityTitle":false,"editable":true,"editableOnCreation":false,"uniqueValue":false,"mandatory":false,"viewable":true,"gridViewableFlag":0,"showOrder":7,"filterable":false,"quickPart":false,"indexable":false,"mask":null,"fieldViewRules":null,"adapterConverter":null,"fieldSortable":null,"fieldMask":{"@type":"FieldInfoMaskCpf","neoId":628,"value":"CPF","code":"508"},"fieldViewRuleList":[],"style":null,"formula":"","auditable":true,"textArea":false,"richText":false,"password":false,"i18nable":false,"defaultValue":"","defaultValueTextArea":"","defaultValueRichText":"","generateValue":null,"passwordDecodable":true,"showRemainingCharacters":false,"maxLength":null,"encrypted":false,"allowedUsers":[],"customMask":null,"columnLength":255,"typeMask":0,"gridViewable":true,"neoType":"Fentity.FieldInfoText"},{"@type":"FieldInfoText","neoId":40992,"@id":40992,"name":"CNPJ","columnName":null,"title":"CNPJ","description":null,"entityTitle":false,"editable":true,"editableOnCreation":false,"uniqueValue":false,"mandatory":false,"viewable":true,"gridViewableFlag":0,"showOrder":8,"filterable":false,"quickPart":false,"indexable":false,"mask":null,"fieldViewRules":null,"adapterConverter":null,"fieldSortable":null,"fieldMask":{"@type":"FieldInfoMaskCnpj","neoId":627,"value":"CNPJ","code":"507"},"fieldViewRuleList":[],"style":null,"formula":"","auditable":true,"textArea":false,"richText":false,"password":false,"i18nable":false,"defaultValue":"","defaultValueTextArea":"","defaultValueRichText":"","generateValue":null,"passwordDecodable":true,"showRemainingCharacters":false,"maxLength":null,"encrypted":false,"allowedUsers":[],"customMask":null,"columnLength":255,"typeMask":0,"gridViewable":true,"neoType":"Fentity.FieldInfoText"},{"@type":"FieldInfoEntity","neoId":40077,"@id":40077,"name":"wfprocess","columnName":null,"title":"wfprocess","description":null,"entityTitle":false,"editable":false,"editableOnCreation":false,"uniqueValue":false,"mandatory":false,"viewable":false,"gridViewableFlag":1,"showOrder":9,"filterable":false,"quickPart":false,"indexable":false,"mask":null,"fieldViewRules":null,"adapterConverter":null,"fieldSortable":null,"fieldMask":null,"fieldViewRuleList":[],"style":null,"formula":null,"auditable":false,"selectable":true,"mutable":true,"keepOrder":true,"allowedTypes":[],"array":false,"typeInfo":{"@type":"AutoEntityInfo","neoId":337,"typeName":"WFProcess"},"filter":null,"defaultValue":null,"defaultListValues":null,"listType":null,"lookUpField":null,"fieldParent":false,"autoComplete":false,"runTimeTypeConverter":null,"fieldOrderBy":[],"mappedByField":null,"viewableFull":true,"hiddenFields":[],"createRecords":false,"editRecords":true,"deleteRecords":true,"excelExport":true,"filterViewRules":[],"filterViewRule":null,"gridViewable":false,"neoType":"Fentity.FieldInfoEntity"}],"manualInsert":true,"customAdapter":"","customLayout":false,"formLayout":null,"tabs":[{"@type":"Tab","neoId":40024,"@id":40024,"showOrder":0,"name":"generalkey","tabViewRules":null,"tabViewRuleList":[],"defaultTab":true,"tabFieldCodes":[{"@type":"FieldRef","fieldName":"TextoNormal","fieldInfoTitle":"TextoNormal","neoId":40025,"entityName":null,"displayName":"TextoNormal"},{"@type":"FieldRef","fieldName":"TextoContador","fieldInfoTitle":"TextoContador","neoId":40026,"entityName":null,"displayName":"TextoContador"},{"@type":"FieldRef","fieldName":"wfprocess","fieldInfoTitle":"wfprocess","neoId":40078,"entityName":"WFProcess","displayName":"wfprocess"},{"@type":"FieldRef","fieldName":"TextoArea","fieldInfoTitle":"TextoArea","neoId":41102,"entityName":null,"displayName":"TextoArea"},{"@type":"FieldRef","fieldName":"TextoEditorAvancado","fieldInfoTitle":"TextoEditorAvancado","neoId":41103,"entityName":null,"displayName":"TextoEditorAvancado"}],"neoType":"Fentity.tab.Tab"},{"@type":"Tab","neoId":41104,"@id":41104,"showOrder":1,"name":"Máscaras","tabViewRules":null,"tabViewRuleList":[],"defaultTab":false,"tabFieldCodes":[{"@type":"FieldRef","fieldName":"MascaraSenha","fieldInfoTitle":"MascaraSenha","neoId":41105,"entityName":null,"displayName":"MascaraSenha"},{"@type":"FieldRef","fieldName":"Personalizada","fieldInfoTitle":"Personalizada","neoId":41106,"entityName":null,"displayName":"Personalizada"},{"@type":"FieldRef","fieldName":"Telefone","fieldInfoTitle":"Telefone","neoId":41107,"entityName":null,"displayName":"Telefone"},{"@type":"FieldRef","fieldName":"CEP","fieldInfoTitle":"CEP","neoId":41108,"entityName":null,"displayName":"CEP"},{"@type":"FieldRef","fieldName":"CPF","fieldInfoTitle":"CPF","neoId":41109,"entityName":null,"displayName":"CPF"},{"@type":"FieldRef","fieldName":"CNPJ","fieldInfoTitle":"CNPJ","neoId":41110,"entityName":null,"displayName":"CNPJ"}],"neoType":"Fentity.tab.Tab"}],"typeSecurityController":null,"accessList":[],"creationDate":1720090831000,"category":null,"description":"","titleTranslation":null,"auditType":1,"systemForm":false,"abstract":false,"neoType":"Fentity.dynamic.DynamicEntityInfo"}