{"@type":"DynamicEntityInfo","neoId":41512,"@id":41512,"typeName":"FMHora","userSecurityController":null,"title":"[FM] Hora","auditable":true,"parent":{"@type":"AutoEntityInfo","neoId":145,"typeName":"NeoObject"},"fieldSet":[{"@type":"FieldInfoTime","neoId":41513,"@id":41513,"name":"HoraNormal","columnName":null,"title":"Hora Normal","description":null,"entityTitle":false,"editable":true,"editableOnCreation":false,"uniqueValue":false,"mandatory":false,"viewable":true,"gridViewableFlag":0,"showOrder":1,"filterable":false,"quickPart":false,"indexable":false,"mask":null,"fieldViewRules":null,"adapterConverter":null,"fieldSortable":null,"fieldMask":{"@type":"FieldInfoMaskTime","neoId":606,"value":"13:30","code":"700"},"fieldViewRuleList":[],"style":null,"formula":null,"auditable":true,"defaultValue":null,"currentTime":false,"typeMask":0,"gridViewable":true,"neoType":"Fentity.FieldInfoTime"},{"@type":"FieldInfoTime","neoId":41514,"@id":41514,"name":"HoraSegundos","columnName":null,"title":"Hora Segundos","description":null,"entityTitle":false,"editable":true,"editableOnCreation":false,"uniqueValue":false,"mandatory":false,"viewable":true,"gridViewableFlag":0,"showOrder":2,"filterable":false,"quickPart":false,"indexable":false,"mask":null,"fieldViewRules":null,"adapterConverter":null,"fieldSortable":null,"fieldMask":{"@type":"FieldInfoMaskTime","neoId":607,"value":"13:30:00","code":"701"},"fieldViewRuleList":[],"style":null,"formula":null,"auditable":true,"defaultValue":null,"currentTime":false,"typeMask":0,"gridViewable":true,"neoType":"Fentity.FieldInfoTime"},{"@type":"FieldInfoEntity","neoId":41567,"@id":41567,"name":"wfprocess","columnName":null,"title":"wfprocess","description":null,"entityTitle":false,"editable":false,"editableOnCreation":false,"uniqueValue":false,"mandatory":false,"viewable":false,"gridViewableFlag":1,"showOrder":3,"filterable":false,"quickPart":false,"indexable":false,"mask":null,"fieldViewRules":null,"adapterConverter":null,"fieldSortable":null,"fieldMask":null,"fieldViewRuleList":[],"style":null,"formula":null,"auditable":false,"selectable":true,"mutable":true,"keepOrder":true,"allowedTypes":[],"array":false,"typeInfo":{"@type":"AutoEntityInfo","neoId":337,"typeName":"WFProcess"},"filter":null,"defaultValue":null,"defaultListValues":null,"listType":null,"lookUpField":null,"fieldParent":false,"autoComplete":false,"runTimeTypeConverter":null,"fieldOrderBy":[],"mappedByField":null,"viewableFull":true,"hiddenFields":[],"createRecords":false,"editRecords":true,"deleteRecords":true,"excelExport":true,"filterViewRules":[],"filterViewRule":null,"gridViewable":false,"neoType":"Fentity.FieldInfoEntity"}],"manualInsert":true,"customAdapter":"","customLayout":false,"formLayout":null,"tabs":[{"@type":"Tab","neoId":41515,"@id":41515,"showOrder":0,"name":"generalkey","tabViewRules":null,"tabViewRuleList":[],"defaultTab":true,"tabFieldCodes":[{"@type":"FieldRef","fieldName":"HoraNormal","fieldInfoTitle":"HoraNormal","neoId":41516,"entityName":null,"displayName":"HoraNormal"},{"@type":"FieldRef","fieldName":"HoraSegundos","fieldInfoTitle":"HoraSegundos","neoId":41517,"entityName":null,"displayName":"HoraSegundos"},{"@type":"FieldRef","fieldName":"wfprocess","fieldInfoTitle":"wfprocess","neoId":41568,"entityName":"WFProcess","displayName":"wfprocess"}],"neoType":"Fentity.tab.Tab"}],"typeSecurityController":null,"accessList":[],"creationDate":1720446112000,"category":{"@type":"Category","name":"Campos","path":"Campos","type":1},"description":"","titleTranslation":null,"auditType":1,"systemForm":false,"abstract":false,"neoType":"Fentity.dynamic.DynamicEntityInfo"}