{"@type":"DynamicEntityInfo","neoId":41443,"@id":41443,"typeName":"FMData","userSecurityController":null,"title":"[FM] Data","auditable":true,"parent":{"@type":"AutoEntityInfo","neoId":145,"typeName":"NeoObject"},"fieldSet":[{"@type":"FieldInfoDate","neoId":41444,"@id":41444,"name":"DataNormal","columnName":null,"title":"Data Normal","description":null,"entityTitle":false,"editable":true,"editableOnCreation":false,"uniqueValue":false,"mandatory":false,"viewable":true,"gridViewableFlag":0,"showOrder":1,"filterable":false,"quickPart":false,"indexable":false,"mask":null,"fieldViewRules":null,"adapterConverter":null,"fieldSortable":null,"fieldMask":{"@type":"FieldInfoMaskDate","neoId":566,"value":"15/05/2018","code":"100"},"fieldViewRuleList":[],"style":null,"formula":null,"auditable":true,"currentDate":false,"defaultValue":null,"workDays":false,"gridViewable":true,"neoType":"Fentity.FieldInfoDate"},{"@type":"FieldInfoDate","neoId":41445,"@id":41445,"name":"DataDdmmaa","columnName":null,"title":"Data dd/mm/aa","description":null,"entityTitle":false,"editable":true,"editableOnCreation":false,"uniqueValue":false,"mandatory":false,"viewable":true,"gridViewableFlag":0,"showOrder":2,"filterable":false,"quickPart":false,"indexable":false,"mask":null,"fieldViewRules":null,"adapterConverter":null,"fieldSortable":null,"fieldMask":{"@type":"FieldInfoMaskDate","neoId":570,"value":"15/05/18","code":"101"},"fieldViewRuleList":[],"style":null,"formula":"","auditable":true,"currentDate":false,"defaultValue":null,"workDays":false,"gridViewable":true,"neoType":"Fentity.FieldInfoDate"},{"@type":"FieldInfoDate","neoId":41446,"@id":41446,"name":"DataDdmm","columnName":null,"title":"Data dd/mm","description":null,"entityTitle":false,"editable":true,"editableOnCreation":false,"uniqueValue":false,"mandatory":false,"viewable":true,"gridViewableFlag":0,"showOrder":3,"filterable":false,"quickPart":false,"indexable":false,"mask":null,"fieldViewRules":null,"adapterConverter":null,"fieldSortable":null,"fieldMask":{"@type":"FieldInfoMaskDate","neoId":571,"value":"15/05","code":"102"},"fieldViewRuleList":[],"style":null,"formula":"","auditable":true,"currentDate":false,"defaultValue":null,"workDays":false,"gridViewable":true,"neoType":"Fentity.FieldInfoDate"},{"@type":"FieldInfoDate","neoId":41447,"@id":41447,"name":"DataDdmmaaHhmm","columnName":null,"title":"Data dd/mm/aa hh-mm","description":null,"entityTitle":false,"editable":true,"editableOnCreation":false,"uniqueValue":false,"mandatory":false,"viewable":true,"gridViewableFlag":0,"showOrder":4,"filterable":false,"quickPart":false,"indexable":false,"mask":null,"fieldViewRules":null,"adapterConverter":null,"fieldSortable":null,"fieldMask":{"@type":"FieldInfoMaskDate","neoId":566,"value":"15/05/2018","code":"100"},"fieldViewRuleList":[],"style":null,"formula":"","auditable":true,"currentDate":false,"defaultValue":null,"workDays":false,"gridViewable":true,"neoType":"Fentity.FieldInfoDate"},{"@type":"FieldInfoDate","neoId":41448,"@id":41448,"name":"DataDdmmaaHhmmss","columnName":null,"title":"Data dd/mm/aa hh-mm-ss","description":null,"entityTitle":false,"editable":true,"editableOnCreation":false,"uniqueValue":false,"mandatory":false,"viewable":true,"gridViewableFlag":0,"showOrder":5,"filterable":false,"quickPart":false,"indexable":false,"mask":null,"fieldViewRules":null,"adapterConverter":null,"fieldSortable":null,"fieldMask":{"@type":"FieldInfoMaskDate","neoId":565,"value":"15/05/2018 - 16:34:59","code":"104"},"fieldViewRuleList":[],"style":null,"formula":"","auditable":true,"currentDate":false,"defaultValue":null,"workDays":false,"gridViewable":true,"neoType":"Fentity.FieldInfoDate"},{"@type":"FieldInfoEntity","neoId":41510,"@id":41510,"name":"wfprocess","columnName":null,"title":"wfprocess","description":null,"entityTitle":false,"editable":false,"editableOnCreation":false,"uniqueValue":false,"mandatory":false,"viewable":false,"gridViewableFlag":1,"showOrder":6,"filterable":false,"quickPart":false,"indexable":false,"mask":null,"fieldViewRules":null,"adapterConverter":null,"fieldSortable":null,"fieldMask":null,"fieldViewRuleList":[],"style":null,"formula":null,"auditable":false,"selectable":true,"mutable":true,"keepOrder":true,"allowedTypes":[],"array":false,"typeInfo":{"@type":"AutoEntityInfo","neoId":337,"typeName":"WFProcess"},"filter":null,"defaultValue":null,"defaultListValues":null,"listType":null,"lookUpField":null,"fieldParent":false,"autoComplete":false,"runTimeTypeConverter":null,"fieldOrderBy":[],"mappedByField":null,"viewableFull":true,"hiddenFields":[],"createRecords":false,"editRecords":true,"deleteRecords":true,"excelExport":true,"filterViewRules":[],"filterViewRule":null,"gridViewable":false,"neoType":"Fentity.FieldInfoEntity"}],"manualInsert":true,"customAdapter":"","customLayout":false,"formLayout":null,"tabs":[{"@type":"Tab","neoId":41449,"@id":41449,"showOrder":0,"name":"generalkey","tabViewRules":null,"tabViewRuleList":[],"defaultTab":true,"tabFieldCodes":[{"@type":"FieldRef","fieldName":"DataNormal","fieldInfoTitle":"DataNormal","neoId":41450,"entityName":null,"displayName":"DataNormal"},{"@type":"FieldRef","fieldName":"DataDdmmaa","fieldInfoTitle":"DataDdmmaa","neoId":41451,"entityName":null,"displayName":"DataDdmmaa"},{"@type":"FieldRef","fieldName":"DataDdmm","fieldInfoTitle":"DataDdmm","neoId":41452,"entityName":null,"displayName":"DataDdmm"},{"@type":"FieldRef","fieldName":"DataDdmmaaHhmm","fieldInfoTitle":"DataDdmmaaHhmm","neoId":41453,"entityName":null,"displayName":"DataDdmmaaHhmm"},{"@type":"FieldRef","fieldName":"DataDdmmaaHhmmss","fieldInfoTitle":"DataDdmmaaHhmmss","neoId":41454,"entityName":null,"displayName":"DataDdmmaaHhmmss"},{"@type":"FieldRef","fieldName":"wfprocess","fieldInfoTitle":"wfprocess","neoId":41511,"entityName":"WFProcess","displayName":"wfprocess"}],"neoType":"Fentity.tab.Tab"}],"typeSecurityController":null,"accessList":[],"creationDate":1720445733000,"category":{"@type":"Category","name":"Campos","path":"Campos","type":1},"description":"","titleTranslation":null,"auditType":1,"systemForm":false,"abstract":false,"neoType":"Fentity.dynamic.DynamicEntityInfo"}