{"@type":"DynamicEntityInfo","neoId":41376,"@id":41376,"typeName":"FMListaDeOpcao","userSecurityController":null,"title":"[FM] Lista de Opção","auditable":true,"parent":{"@type":"AutoEntityInfo","neoId":145,"typeName":"NeoObject"},"fieldSet":[{"@type":"FieldInfoEnum","neoId":41377,"@id":41377,"name":"ListaNormal","columnName":null,"title":"Lista Normal","description":null,"entityTitle":false,"editable":true,"editableOnCreation":false,"uniqueValue":false,"mandatory":false,"viewable":true,"gridViewableFlag":0,"showOrder":1,"filterable":false,"quickPart":false,"indexable":false,"mask":null,"fieldViewRules":null,"adapterConverter":null,"fieldSortable":null,"fieldMask":null,"fieldViewRuleList":[],"style":null,"formula":null,"auditable":true,"values":[{"@type":"EnumValue","neoId":41378,"@id":41378,"key":1,"showOrder":1,"value":"Maça","neoType":"Fentity.EnumValue"},{"@type":"EnumValue","neoId":41379,"@id":41379,"key":2,"showOrder":2,"value":"Laranja","neoType":"Fentity.EnumValue"},{"@type":"EnumValue","neoId":41380,"@id":41380,"key":3,"showOrder":3,"value":"Banana","neoType":"Fentity.EnumValue"}],"exhibitionType":0,"defaultValue":null,"gridViewable":true,"neoType":"Fentity.FieldInfoEnum"},{"@type":"FieldInfoEnum","neoId":41381,"@id":41381,"name":"ListaBotao","columnName":null,"title":"Lista Botão","description":null,"entityTitle":false,"editable":true,"editableOnCreation":false,"uniqueValue":false,"mandatory":false,"viewable":true,"gridViewableFlag":0,"showOrder":2,"filterable":false,"quickPart":false,"indexable":false,"mask":null,"fieldViewRules":null,"adapterConverter":null,"fieldSortable":null,"fieldMask":null,"fieldViewRuleList":[],"style":null,"formula":null,"auditable":true,"values":[{"@type":"EnumValue","neoId":41382,"@id":41382,"key":1,"showOrder":1,"value":"Maça","neoType":"Fentity.EnumValue"},{"@type":"EnumValue","neoId":41383,"@id":41383,"key":2,"showOrder":2,"value":"Laranja","neoType":"Fentity.EnumValue"},{"@type":"EnumValue","neoId":41384,"@id":41384,"key":3,"showOrder":3,"value":"Banana","neoType":"Fentity.EnumValue"}],"exhibitionType":1,"defaultValue":null,"gridViewable":true,"neoType":"Fentity.FieldInfoEnum"},{"@type":"FieldInfoEntity","neoId":41437,"@id":41437,"name":"wfprocess","columnName":null,"title":"wfprocess","description":null,"entityTitle":false,"editable":false,"editableOnCreation":false,"uniqueValue":false,"mandatory":false,"viewable":false,"gridViewableFlag":1,"showOrder":3,"filterable":false,"quickPart":false,"indexable":false,"mask":null,"fieldViewRules":null,"adapterConverter":null,"fieldSortable":null,"fieldMask":null,"fieldViewRuleList":[],"style":null,"formula":null,"auditable":false,"selectable":true,"mutable":true,"keepOrder":true,"allowedTypes":[],"array":false,"typeInfo":{"@type":"AutoEntityInfo","neoId":337,"typeName":"WFProcess"},"filter":null,"defaultValue":null,"defaultListValues":null,"listType":null,"lookUpField":null,"fieldParent":false,"autoComplete":false,"runTimeTypeConverter":null,"fieldOrderBy":[],"mappedByField":null,"viewableFull":true,"hiddenFields":[],"createRecords":false,"editRecords":true,"deleteRecords":true,"excelExport":true,"filterViewRules":[],"filterViewRule":null,"gridViewable":false,"neoType":"Fentity.FieldInfoEntity"}],"manualInsert":true,"customAdapter":"","customLayout":false,"formLayout":null,"tabs":[{"@type":"Tab","neoId":41385,"@id":41385,"showOrder":0,"name":"generalkey","tabViewRules":null,"tabViewRuleList":[],"defaultTab":true,"tabFieldCodes":[{"@type":"FieldRef","fieldName":"ListaNormal","fieldInfoTitle":"ListaNormal","neoId":41386,"entityName":null,"displayName":"ListaNormal"},{"@type":"FieldRef","fieldName":"ListaBotao","fieldInfoTitle":"ListaBotao","neoId":41387,"entityName":null,"displayName":"ListaBotao"},{"@type":"FieldRef","fieldName":"wfprocess","fieldInfoTitle":"wfprocess","neoId":41438,"entityName":"WFProcess","displayName":"wfprocess"}],"neoType":"Fentity.tab.Tab"}],"typeSecurityController":null,"accessList":[],"creationDate":1720445265000,"category":{"@type":"Category","name":"Campos","path":"Campos","type":1},"description":"","titleTranslation":null,"auditType":1,"systemForm":false,"abstract":false,"neoType":"Fentity.dynamic.DynamicEntityInfo"}