{"@type":"DynamicEntityInfo","neoId":41293,"@id":41293,"typeName":"FMArquivos","userSecurityController":null,"title":"[FM] Arquivos","auditable":true,"parent":{"@type":"AutoEntityInfo","neoId":145,"typeName":"NeoObject"},"fieldSet":[{"@type":"FieldInfoFile","neoId":41294,"@id":41294,"name":"ArquivoNormal","columnName":null,"title":"Arquivo Normal","description":null,"entityTitle":false,"editable":true,"editableOnCreation":false,"uniqueValue":false,"mandatory":false,"viewable":true,"gridViewableFlag":0,"showOrder":1,"filterable":false,"quickPart":false,"indexable":false,"mask":null,"fieldViewRules":null,"adapterConverter":null,"fieldSortable":null,"fieldMask":null,"fieldViewRuleList":[],"style":null,"formula":null,"auditable":true,"template":null,"canPrint":true,"canCopy":true,"canScan":true,"canUpload":true,"canDownload":true,"hasTemplate":false,"signatureMandatory":false,"signatureType":0,"showInViewer":true,"maxFileSize":2097152,"gridViewable":true,"neoType":"Fentity.FieldInfoFile"},{"@type":"FieldInfoFile","neoId":41295,"@id":41295,"name":"Arquivo500MB","columnName":null,"title":"Arquivo 500 MB","description":null,"entityTitle":false,"editable":true,"editableOnCreation":false,"uniqueValue":false,"mandatory":false,"viewable":true,"gridViewableFlag":0,"showOrder":2,"filterable":false,"quickPart":false,"indexable":false,"mask":null,"fieldViewRules":null,"adapterConverter":null,"fieldSortable":null,"fieldMask":null,"fieldViewRuleList":[],"style":null,"formula":null,"auditable":true,"template":null,"canPrint":true,"canCopy":true,"canScan":true,"canUpload":true,"canDownload":true,"hasTemplate":false,"signatureMandatory":false,"signatureType":0,"showInViewer":true,"maxFileSize":524288000,"gridViewable":true,"neoType":"Fentity.FieldInfoFile"},{"@type":"FieldInfoFile","neoId":41296,"@id":41296,"name":"AssinaturaEletronica","columnName":null,"title":"Assinatura Eletrônica","description":null,"entityTitle":false,"editable":true,"editableOnCreation":false,"uniqueValue":false,"mandatory":false,"viewable":true,"gridViewableFlag":0,"showOrder":3,"filterable":false,"quickPart":false,"indexable":false,"mask":null,"fieldViewRules":null,"adapterConverter":null,"fieldSortable":null,"fieldMask":null,"fieldViewRuleList":[],"style":null,"formula":null,"auditable":true,"template":null,"canPrint":true,"canCopy":true,"canScan":true,"canUpload":true,"canDownload":true,"hasTemplate":false,"signatureMandatory":false,"signatureType":1,"showInViewer":true,"maxFileSize":2097152,"gridViewable":true,"neoType":"Fentity.FieldInfoFile"},{"@type":"FieldInfoFile","neoId":41297,"@id":41297,"name":"AssinaturaDigital","columnName":null,"title":"Assinatura Digital","description":null,"entityTitle":false,"editable":true,"editableOnCreation":false,"uniqueValue":false,"mandatory":false,"viewable":true,"gridViewableFlag":0,"showOrder":4,"filterable":false,"quickPart":false,"indexable":false,"mask":null,"fieldViewRules":null,"adapterConverter":null,"fieldSortable":null,"fieldMask":null,"fieldViewRuleList":[],"style":null,"formula":null,"auditable":true,"template":null,"canPrint":true,"canCopy":true,"canScan":true,"canUpload":true,"canDownload":true,"hasTemplate":false,"signatureMandatory":false,"signatureType":2,"showInViewer":true,"maxFileSize":2097152,"gridViewable":true,"neoType":"Fentity.FieldInfoFile"},{"@type":"FieldInfoEntity","neoId":41356,"@id":41356,"name":"wfprocess","columnName":null,"title":"wfprocess","description":null,"entityTitle":false,"editable":false,"editableOnCreation":false,"uniqueValue":false,"mandatory":false,"viewable":false,"gridViewableFlag":1,"showOrder":5,"filterable":false,"quickPart":false,"indexable":false,"mask":null,"fieldViewRules":null,"adapterConverter":null,"fieldSortable":null,"fieldMask":null,"fieldViewRuleList":[],"style":null,"formula":null,"auditable":false,"selectable":true,"mutable":true,"keepOrder":true,"allowedTypes":[],"array":false,"typeInfo":{"@type":"AutoEntityInfo","neoId":337,"typeName":"WFProcess"},"filter":null,"defaultValue":null,"defaultListValues":null,"listType":null,"lookUpField":null,"fieldParent":false,"autoComplete":false,"runTimeTypeConverter":null,"fieldOrderBy":[],"mappedByField":null,"viewableFull":true,"hiddenFields":[],"createRecords":false,"editRecords":true,"deleteRecords":true,"excelExport":true,"filterViewRules":[],"filterViewRule":null,"gridViewable":false,"neoType":"Fentity.FieldInfoEntity"}],"manualInsert":true,"customAdapter":"","customLayout":false,"formLayout":null,"tabs":[{"@type":"Tab","neoId":41298,"@id":41298,"showOrder":0,"name":"generalkey","tabViewRules":null,"tabViewRuleList":[],"defaultTab":true,"tabFieldCodes":[{"@type":"FieldRef","fieldName":"ArquivoNormal","fieldInfoTitle":"ArquivoNormal","neoId":41299,"entityName":null,"displayName":"ArquivoNormal"},{"@type":"FieldRef","fieldName":"Arquivo500MB","fieldInfoTitle":"Arquivo500MB","neoId":41300,"entityName":null,"displayName":"Arquivo500MB"},{"@type":"FieldRef","fieldName":"AssinaturaEletronica","fieldInfoTitle":"AssinaturaEletronica","neoId":41301,"entityName":null,"displayName":"AssinaturaEletronica"},{"@type":"FieldRef","fieldName":"AssinaturaDigital","fieldInfoTitle":"AssinaturaDigital","neoId":41302,"entityName":null,"displayName":"AssinaturaDigital"},{"@type":"FieldRef","fieldName":"wfprocess","fieldInfoTitle":"wfprocess","neoId":41357,"entityName":"WFProcess","displayName":"wfprocess"}],"neoType":"Fentity.tab.Tab"}],"typeSecurityController":null,"accessList":[],"creationDate":1720444085000,"category":{"@type":"Category","name":"Campos","path":"Campos","type":1},"description":"","titleTranslation":null,"auditType":1,"systemForm":false,"abstract":false,"neoType":"Fentity.dynamic.DynamicEntityInfo"}